-- SPDX-FileCopyrightText: 2021 City of Oulu
--
-- SPDX-License-Identifier: LGPL-2.1-or-later
INSERT INTO daycare (id, name, type, care_area_id, phone, url, created, updated, backup_location, opening_date, closing_date, email, schedule, additional_info, cost_center, upload_to_varda, capacity, decision_daycare_name, decision_preschool_name, decision_handler, decision_handler_address, street_address, postal_code, post_office, mailing_po_box, location, mailing_street_address, mailing_postal_code, mailing_post_office, invoiced_by_municipality, provider_type, language, upload_to_koski, oph_unit_oid, oph_organizer_oid, operation_times, shift_care_operation_times, ghost_unit, daycare_apply_period, preschool_apply_period, club_apply_period, finance_decision_handler) VALUES
    ('340ed088-a1bc-11eb-b601-e3f8e80e9e6b', 'Haukiluoman päiväkoti', '{CENTRE}', (SELECT id FROM care_area WHERE short_name = 'keskusta'), NULL, NULL, '2021-04-20 09:38:46.42075+00', '2021-04-20 09:38:46.42075+00', NULL, '2021-04-20', NULL, NULL, NULL, NULL, NULL, false, 0, '', '', '', '', 'Runkokatu 5', '33340', 'Tampere', 'Runkokatu 5', '(23.60571,61.51667)', NULL, '33340', 'Tampere', false, 'MUNICIPAL', 'fi', false, NULL, NULL, '{"(06:00,18:00)","(06:00,18:00)","(06:00,18:00)","(06:00,18:00)","(06:00,18:00)", null, null}', null, NULL, '[2021-04-20,)', NULL, NULL, NULL),
    ('340ed236-a1bc-11eb-b603-ffc81c31f64d', 'Hyhkyn päiväkoti', '{CENTRE}', (SELECT id FROM care_area WHERE short_name = 'keskusta'), NULL, NULL, '2021-04-20 09:38:46.42075+00', '2021-04-20 09:38:46.42075+00', NULL, '2021-04-20', NULL, NULL, NULL, NULL, NULL, false, 0, '', '', '', '', 'Kraatarinkatu 5', '33270', 'Tampere', 'Kraatarinkatu 5', '(23.68205,61.5078)', NULL, '33270', 'Tampere', false, 'MUNICIPAL', 'fi', false, NULL, NULL, '{"(06:00,18:00)","(06:00,18:00)","(06:00,18:00)","(06:00,18:00)","(06:00,18:00)", null, null}', null, NULL, '[2021-04-20,)', NULL, NULL, NULL),
    ('340ed2d6-a1bc-11eb-b604-4f03e37abe22', 'Ikurin päiväkoti', '{CENTRE}', (SELECT id FROM care_area WHERE short_name = 'keskusta'), NULL, NULL, '2021-04-20 09:38:46.42075+00', '2021-04-20 09:38:46.42075+00', NULL, '2021-04-20', NULL, NULL, NULL, NULL, NULL, false, 0, '', '', '', '', 'Maamiehentie 2', '33340', 'TAMPERE', NULL, '(23.59596,61.51136)', NULL, '33340', 'TAMPERE', false, 'MUNICIPAL', 'fi', false, NULL, NULL, '{"(06:00,18:00)","(06:00,18:00)","(06:00,18:00)","(06:00,18:00)","(06:00,18:00)", null, null}', null, NULL, '[2021-04-20,)', NULL, NULL, NULL),
    ('340ed36c-a1bc-11eb-b605-1b0921d25aa4', 'Jussinkylän päiväkoti', '{CENTRE}', (SELECT id FROM care_area WHERE short_name = 'keskusta'), NULL, NULL, '2021-04-20 09:38:46.42075+00', '2021-04-20 09:38:46.42075+00', NULL, '2021-04-20', NULL, NULL, NULL, NULL, NULL, false, 0, '', '', '', '', 'Sukkavartaankatu 4', '33100', 'TAMPERE', NULL, '(23.76645,61.50245)', NULL, '33100', 'TAMPERE', false, 'MUNICIPAL', 'fi', false, NULL, NULL, '{"(06:00,18:00)","(06:00,18:00)","(06:00,18:00)","(06:00,18:00)","(06:00,18:00)", null, null}', null, NULL, '[2021-04-20,)', NULL, NULL, NULL),
    ('340ed3f8-a1bc-11eb-b606-b75305cac178', 'Kalkun päiväkoti', '{CENTRE}', (SELECT id FROM care_area WHERE short_name = 'keskusta'), NULL, NULL, '2021-04-20 09:38:46.42075+00', '2021-04-20 09:38:46.42075+00', NULL, '2021-04-20', NULL, NULL, NULL, NULL, NULL, false, 0, '', '', '', '', 'Pitkäniemenkatu 19', '33330', 'TAMPERE', NULL, '(23.5843,61.49722)', NULL, '33330', 'TAMPERE', false, 'MUNICIPAL', 'fi', false, NULL, NULL, '{"(06:00,18:00)","(06:00,18:00)","(06:00,18:00)","(06:00,18:00)","(06:00,18:00)", null, null}', null, NULL, '[2021-04-20,)', NULL, NULL, NULL),
    ('340ed484-a1bc-11eb-b607-cf73a6337df5', 'Kalkunvuoren päiväkoti', '{CENTRE}', (SELECT id FROM care_area WHERE short_name = 'keskusta'), NULL, NULL, '2021-04-20 09:38:46.42075+00', '2021-04-20 09:38:46.42075+00', NULL, '2021-04-20', NULL, NULL, NULL, NULL, NULL, false, 0, '', '', '', '', 'Kalkunvuorenkatu 10', '33330', 'TAMPERE', NULL, '(23.60023,61.49871)', NULL, '33330', 'TAMPERE', false, 'MUNICIPAL', 'fi', false, NULL, NULL, '{"(06:00,18:00)","(06:00,18:00)","(06:00,18:00)","(06:00,18:00)","(06:00,18:00)", null, null}', null, NULL, '[2021-04-20,)', NULL, NULL, NULL),
    ('340ed5a6-a1bc-11eb-b609-e7f5c1487b54', 'Lamminpään päiväkoti', '{CENTRE}', (SELECT id FROM care_area WHERE short_name = 'keskusta'), NULL, NULL, '2021-04-20 09:38:46.42075+00', '2021-04-20 09:38:46.42075+00', NULL, '2021-04-20', NULL, NULL, NULL, NULL, NULL, false, 0, '', '', '', '', 'Saarikorventie 1 a', '33420', 'TAMPERE', 'Saarikorventie 1 a', '(23.63982,61.51968)', NULL, '33420', 'TAMPERE', false, 'MUNICIPAL', 'fi', false, NULL, NULL, '{"(06:00,18:00)","(06:00,18:00)","(06:00,18:00)","(06:00,18:00)","(06:00,18:00)", null, null}', null, NULL, '[2021-04-20,)', NULL, NULL, NULL),
    ('340ed628-a1bc-11eb-b60a-abc9e0a2abcb', 'Länsi-Tesoman päiväkoti', '{CENTRE}', (SELECT id FROM care_area WHERE short_name = 'keskusta'), NULL, NULL, '2021-04-20 09:38:46.42075+00', '2021-04-20 09:38:46.42075+00', NULL, '2021-04-20', NULL, NULL, NULL, NULL, NULL, false, 0, '', '', '', '', 'Virontörmänkatu 9', '33310', 'TAMPERE', 'Virontörmänkatu 9', '(23.60465,61.5079)', NULL, '33310', 'TAMPERE', false, 'MUNICIPAL', 'fi', false, NULL, NULL, '{"(06:00,18:00)","(06:00,18:00)","(06:00,18:00)","(06:00,18:00)","(06:00,18:00)", null, null}', null, NULL, '[2021-04-20,)', NULL, NULL, NULL),
    ('340ed6b4-a1bc-11eb-b60b-5f51c223180b', 'Lapinniemen päiväkoti', '{CENTRE}', (SELECT id FROM care_area WHERE short_name = 'keskusta'), NULL, NULL, '2021-04-20 09:38:46.42075+00', '2021-04-20 09:38:46.42075+00', NULL, '2021-04-20', NULL, NULL, NULL, NULL, NULL, false, 0, '', '', '', '', 'Sommerinkatu 7', '33180', 'TAMPERE', 'Sommerinkatu 7', '(23.77494,61.51173)', NULL, '33180', 'TAMPERE', false, 'MUNICIPAL', 'fi', false, NULL, NULL, '{"(06:00,18:00)","(06:00,18:00)","(06:00,18:00)","(06:00,18:00)","(06:00,18:00)", null, null}', null, NULL, '[2021-04-20,)', NULL, NULL, NULL),
    ('340ed740-a1bc-11eb-b60c-f71b9e6c6dcc', 'Lentävänlaakson päiväkoti', '{CENTRE}', (SELECT id FROM care_area WHERE short_name = 'keskusta'), NULL, NULL, '2021-04-20 09:38:46.42075+00', '2021-04-20 09:38:46.42075+00', NULL, '2021-04-20', NULL, NULL, NULL, NULL, NULL, false, 0, '', '', '', '', 'Porrassalmenkuja 6', '33410', 'TAMPERE', 'Porrassalmenkuja 6', '(23.70239,61.53103)', NULL, '33410', 'TAMPERE', false, 'MUNICIPAL', 'fi', false, NULL, NULL, '{"(06:00,18:00)","(06:00,18:00)","(06:00,18:00)","(06:00,18:00)","(06:00,18:00)", null, null}', null, NULL, '[2021-04-20,)', NULL, NULL, NULL),
    ('340ed7cc-a1bc-11eb-b60d-4b1d74ec921d', 'Lielahden päiväkoti', '{CENTRE}', (SELECT id FROM care_area WHERE short_name = 'keskusta'), NULL, NULL, '2021-04-20 09:38:46.42075+00', '2021-04-20 09:38:46.42075+00', NULL, '2021-04-20', NULL, NULL, NULL, NULL, NULL, false, 0, '', '', '', '', 'Ollinojankatu 6', '33400', 'TAMPERE', 'Ollinojankatu 6', '(23.67785,61.52365)', NULL, '33400', 'TAMPERE', false, 'MUNICIPAL', 'fi', false, NULL, NULL, '{"(06:00,18:00)","(06:00,18:00)","(06:00,18:00)","(06:00,18:00)","(06:00,18:00)", null, null}', null, NULL, '[2021-04-20,)', NULL, NULL, NULL),
    ('340ed858-a1bc-11eb-b60e-bfdec6de5e18', 'Lintulammen kerho', '{CLUB}', (SELECT id FROM care_area WHERE short_name = 'keskusta'), NULL, NULL, '2021-04-20 09:38:46.42075+00', '2021-04-20 09:38:46.42075+00', NULL, '2021-04-20', NULL, NULL, NULL, NULL, NULL, false, 0, '', '', '', '', 'Ollinojankatu 25', '33400', 'TAMPERE', 'Ollinojankatu 25', '(23.6701,61.525)', NULL, '33400', 'TAMPERE', false, 'MUNICIPAL', 'fi', false, NULL, NULL, '{"(06:00,18:00)","(06:00,18:00)","(06:00,18:00)","(06:00,18:00)","(06:00,18:00)", null, null}', null, NULL, NULL, NULL, '[2021-04-20,)', NULL),
    ('340ed8e4-a1bc-11eb-b60f-effa252aa6fc', 'Lintulammen päiväkoti', '{CENTRE}', (SELECT id FROM care_area WHERE short_name = 'keskusta'), NULL, NULL, '2021-04-20 09:38:46.42075+00', '2021-04-20 09:38:46.42075+00', NULL, '2021-04-20', NULL, NULL, NULL, NULL, NULL, false, 0, '', '', '', '', 'Ollinojankatu 25', '33400', 'TAMPERE', 'Ollinojankatu 25', '(23.6701,61.525)', NULL, '33400', 'TAMPERE', false, 'MUNICIPAL', 'fi', false, NULL, NULL, '{"(06:00,18:00)","(06:00,18:00)","(06:00,18:00)","(06:00,18:00)","(06:00,18:00)", null, null}', null, NULL, '[2021-04-20,)', NULL, NULL, NULL),
    ('340ea27a-a1bc-11eb-b5d2-dfc0dc6d2fcb', 'Amurin päiväkoti', '{CENTRE}', (SELECT id FROM care_area WHERE short_name = 'keskusta'), NULL, NULL, '2021-04-20 09:38:46.42075+00', '2021-06-03 08:02:22.384694+00', NULL, '2021-04-20', NULL, NULL, NULL, NULL, '12', false, 7, 'Amurin päiväkoti', '', 'Varhaiskasvatusyksikön johtaja', '', 'Suokatu 10', '33230', 'Tampere', 'Suokatu 10', '(23.74302,61.50064)', '', '33230', 'Tampere', true, 'MUNICIPAL', 'fi', false, '', '', '{"(06:00,18:00)","(06:00,18:00)","(06:00,18:00)","(06:00,18:00)","(06:00,18:00)", null, null}', null, false, '[2021-04-20,)', NULL, NULL, NULL),
    ('340ed51a-a1bc-11eb-b608-bb597afa032e', 'Koulukadun päiväkoti', '{CENTRE}', (SELECT id FROM care_area WHERE short_name = 'keskusta'), NULL, NULL, '2021-04-20 09:38:46.42075+00', '2021-06-03 08:03:15.336427+00', NULL, '2021-04-20', NULL, NULL, NULL, NULL, NULL, false, 0, 'Koulukadun päiväkoti', '', 'Varhaiskasvatusyksikön johtaja', '', 'Koulukatu 8', '33200', 'TAMPERE', 'Koulukatu 8', '(23.74716,61.49522)', '', '33200', 'TAMPERE', false, 'MUNICIPAL', 'fi', false, '', '', '{"(06:00,18:00)","(06:00,18:00)","(06:00,18:00)","(06:00,18:00)","(06:00,18:00)", null, null}', null, false, '[2021-04-20,)', NULL, NULL, NULL),
    ('340eda88-a1bc-11eb-b612-6fbdce0d285b', 'Myllärin päiväkoti', '{CENTRE}', (SELECT id FROM care_area WHERE short_name = 'keskusta'), NULL, NULL, '2021-04-20 09:38:46.42075+00', '2021-04-20 09:38:46.42075+00', NULL, '2021-04-20', NULL, NULL, NULL, NULL, NULL, false, 0, '', '', '', '', 'Virontörmänkatu 7', '33310', 'TAMPERE', 'Virontörmänkatu 7', '(23.60436,61.5065)', NULL, '33310', 'TAMPERE', false, 'MUNICIPAL', 'fi', false, NULL, NULL, '{"(06:00,18:00)","(06:00,18:00)","(06:00,18:00)","(06:00,18:00)","(06:00,18:00)", null, null}', null, NULL, '[2021-04-20,)', NULL, NULL, NULL),
    ('340edb14-a1bc-11eb-b613-cbe30da802f0', 'Nahkatehtaan päiväkoti', '{CENTRE}', (SELECT id FROM care_area WHERE short_name = 'keskusta'), NULL, NULL, '2021-04-20 09:38:46.42075+00', '2021-04-20 09:38:46.42075+00', NULL, '2021-04-20', NULL, NULL, NULL, NULL, NULL, false, 0, '', '', '', '', 'Nahkatehtaankatu 7', '33270', 'TAMPERE', 'Nahkatehtaankatu 7', '(23.66332,61.50937)', NULL, '33270', 'TAMPERE', false, 'MUNICIPAL', 'fi', false, NULL, NULL, '{"(06:00,18:00)","(06:00,18:00)","(06:00,18:00)","(06:00,18:00)","(06:00,18:00)", null, null}', null, NULL, '[2021-04-20,)', NULL, NULL, NULL),
    ('340edb96-a1bc-11eb-b614-e79312032364', 'Näsipuiston päiväkoti', '{CENTRE}', (SELECT id FROM care_area WHERE short_name = 'keskusta'), NULL, NULL, '2021-04-20 09:38:46.42075+00', '2021-04-20 09:38:46.42075+00', NULL, '2021-04-20', NULL, NULL, NULL, NULL, NULL, false, 0, '', '', '', '', 'Hämeenpuisto 2', '33210', 'TAMPERE', 'Hämeenpuisto 2', '(23.74975,61.50234)', NULL, '33210', 'TAMPERE', false, 'MUNICIPAL', 'fi', false, NULL, NULL, '{"(06:00,18:00)","(06:00,18:00)","(06:00,18:00)","(06:00,18:00)","(06:00,18:00)", null, null}', null, NULL, '[2021-04-20,)', NULL, NULL, NULL),
    ('340edc22-a1bc-11eb-b615-1bd3e33f2938', 'Niemenrannan päiväkoti', '{CENTRE}', (SELECT id FROM care_area WHERE short_name = 'keskusta'), NULL, NULL, '2021-04-20 09:38:46.42075+00', '2021-04-20 09:38:46.42075+00', NULL, '2021-04-20', NULL, NULL, NULL, NULL, NULL, false, 0, '', '', '', '', 'Matilda Niemen katu 9', '33400', 'TAMPERE', 'Matilda Niemen katu 9', '(23.68865,61.52244)', NULL, '33400', 'TAMPERE', false, 'MUNICIPAL', 'fi', false, NULL, NULL, '{"(06:00,18:00)","(06:00,18:00)","(06:00,18:00)","(06:00,18:00)","(06:00,18:00)", null, null}', null, NULL, '[2021-04-20,)', NULL, NULL, NULL),
    ('340ed196-a1bc-11eb-b602-771cd0408651', 'Hennerin leikkitoimintakeskus', '{CLUB}', (SELECT id FROM care_area WHERE short_name = 'keskusta'), NULL, NULL, '2021-04-20 09:38:46.42075+00', '2021-06-16 11:52:25.582986+00', NULL, '2021-04-20', NULL, NULL, NULL, NULL, NULL, false, 0, '', '', '', '', 'Pispalan valtatie 79', '33270', 'TAMPERE', NULL, '(23.69093,61.50705)', '', '33270', 'TAMPERE', false, 'MUNICIPAL', 'fi', false, '', '', '{"(06:00,18:00)","(06:00,18:00)","(06:00,18:00)","(06:00,18:00)","(06:00,18:00)", null, null}', null, false, NULL, NULL, '[2021-04-20,)', NULL),
    ('340edf9c-a1bc-11eb-b617-33638eee98d9', 'Peltovainion päiväkoti', '{CENTRE}', (SELECT id FROM care_area WHERE short_name = 'keskusta'), NULL, NULL, '2021-04-20 09:38:46.42075+00', '2021-04-20 09:38:46.42075+00', NULL, '2021-04-20', NULL, NULL, NULL, NULL, NULL, false, 0, '', '', '', '', 'Peltovainionkatu 13', '33400', 'TAMPERE', 'Peltovainionkatu 13', '(23.67055,61.52257)', NULL, '33400', 'TAMPERE', false, 'MUNICIPAL', 'fi', false, NULL, NULL, '{"(06:00,18:00)","(06:00,18:00)","(06:00,18:00)","(06:00,18:00)","(06:00,18:00)", null, null}', null, NULL, '[2021-04-20,)', NULL, NULL, NULL),
    ('3f6687be-a1bc-11eb-b65f-9f5b88656a95', 'Huusholli, 2-3-vuotiaiden kerho, maanantai ja torstai klo 9-11', '{CLUB}', (SELECT id FROM care_area WHERE short_name = 'kastelli'), NULL, NULL, '2021-04-20 09:39:05.452581+00', '2021-08-12 08:58:18.537578+00', NULL, '2021-04-20', NULL, NULL, NULL, NULL, NULL, false, 0, '', '', '', '', 'Hämeenpuisto 10', '33210', 'TAMPERE', NULL, '(23.7493,61.50095)', '', '33210', 'TAMPERE', false, 'MUNICIPAL', 'fi', false, '', '', '{"(06:00,18:00)","(06:00,18:00)","(06:00,18:00)","(06:00,18:00)","(06:00,18:00)", null, null}', null, false, NULL, NULL, '[2021-04-20,)', NULL),
    ('ba4244f0-fb49-11eb-a299-9fa1ed91c460', 'Huusholli, 3-6-vuotiaiden kerho, maanantai ja torstai klo 12-15', '{CLUB}', (SELECT id FROM care_area WHERE short_name = 'kastelli'), NULL, NULL, '2021-08-12 08:46:04.100886+00', '2021-08-12 08:59:38.881092+00', NULL, '2021-08-09', NULL, NULL, NULL, NULL, NULL, false, 0, '', '', '', '', 'Hämeenpuisto 10', '33210', 'Tampere', 'Hämeenpuisto 10', '(23.7493,61.50095)', '', '33210', 'Tampere', false, 'MUNICIPAL', 'fi', false, '', '', '{"(06:00,18:00)","(06:00,18:00)","(06:00,18:00)","(06:00,18:00)","(06:00,18:00)", null, null}', null, false, NULL, NULL, '[2021-08-12,)', NULL),
    ('340ee406-a1bc-11eb-b61b-a3fd599e6c71', 'Pispalan päiväkoti', '{CENTRE}', (SELECT id FROM care_area WHERE short_name = 'keskusta'), NULL, NULL, '2021-04-20 09:38:46.42075+00', '2021-04-20 09:38:46.42075+00', NULL, '2021-04-20', NULL, NULL, NULL, NULL, NULL, false, 0, '', '', '', '', 'Erämiehenkatu 5', '33250', 'TAMPERE', 'Pispalan valtatie 6', '(23.70755,61.50575)', NULL, '33250', 'TAMPERE', false, 'MUNICIPAL', 'fi', false, NULL, NULL, '{"(06:00,18:00)","(06:00,18:00)","(06:00,18:00)","(06:00,18:00)","(06:00,18:00)", null, null}', null, NULL, '[2021-04-20,)', NULL, NULL, NULL),
    ('340ee51e-a1bc-11eb-b61d-0b47c0fb9504', 'Raholan päiväkoti', '{CENTRE}', (SELECT id FROM care_area WHERE short_name = 'keskusta'), NULL, NULL, '2021-04-20 09:38:46.42075+00', '2021-04-20 09:38:46.42075+00', NULL, '2021-04-20', NULL, NULL, NULL, NULL, NULL, false, 0, '', '', '', '', 'Jurvalankatu 3', '33300', 'TAMPERE', 'Jurvalankatu 3', '(23.63886,61.4984)', NULL, '33300', 'TAMPERE', false, 'MUNICIPAL', 'fi', false, NULL, NULL, '{"(06:00,18:00)","(06:00,18:00)","(06:00,18:00)","(06:00,18:00)","(06:00,18:00)", null, null}', null, NULL, '[2021-04-20,)', NULL, NULL, NULL),
    ('340ef180-a1bc-11eb-b620-5360d5a3d303', 'Svenska Barndaghemmet', '{CENTRE}', (SELECT id FROM care_area WHERE short_name = 'keskusta'), NULL, NULL, '2021-04-20 09:38:46.42075+00', '2021-04-20 09:38:46.42075+00', NULL, '2021-04-20', NULL, NULL, NULL, NULL, NULL, false, 0, '', '', '', '', 'Mariankatu 41', '33200', 'TAMPERE', 'Mariankatu 41', '(23.74605,61.49339)', NULL, '33200', 'TAMPERE', false, 'PURCHASED', 'sv', false, NULL, NULL, '{"(06:00,18:00)","(06:00,18:00)","(06:00,18:00)","(06:00,18:00)","(06:00,18:00)", null, null}', null, NULL, '[2021-04-20,)', NULL, NULL, NULL),
    ('340ef270-a1bc-11eb-b621-af3a65f8d007', 'Tahmelan päiväkoti', '{CENTRE}', (SELECT id FROM care_area WHERE short_name = 'keskusta'), NULL, NULL, '2021-04-20 09:38:46.42075+00', '2021-04-20 09:38:46.42075+00', NULL, '2021-04-20', NULL, NULL, NULL, NULL, NULL, false, 0, '', '', '', '', 'Torpankatu 13', '33240', 'TAMPERE', 'Torpankatu 13', '(23.71848,61.49846)', NULL, '33240', 'TAMPERE', false, 'MUNICIPAL', 'fi', false, NULL, NULL, '{"(06:00,18:00)","(06:00,18:00)","(06:00,18:00)","(06:00,18:00)","(06:00,18:00)", null, null}', null, NULL, '[2021-04-20,)', NULL, NULL, NULL),
    ('340ef2fc-a1bc-11eb-b622-63cfea9bccb7', 'Tesoman kerho', '{CLUB}', (SELECT id FROM care_area WHERE short_name = 'keskusta'), NULL, NULL, '2021-04-20 09:38:46.42075+00', '2021-04-20 09:38:46.42075+00', NULL, '2021-04-20', NULL, NULL, NULL, NULL, NULL, false, 0, '', '', '', '', 'Kohmankaari 11', '33310', 'TAMPERE', 'Kohmankaari 11', '(23.6304,61.50698)', NULL, '33310', 'TAMPERE', false, 'MUNICIPAL', 'fi', false, NULL, NULL, '{"(06:00,18:00)","(06:00,18:00)","(06:00,18:00)","(06:00,18:00)","(06:00,18:00)", null, null}', null, NULL, NULL, NULL, '[2021-04-20,)', NULL),
    ('340ef392-a1bc-11eb-b623-d7824c8e8f88', 'Tesoman päiväkoti', '{CENTRE}', (SELECT id FROM care_area WHERE short_name = 'keskusta'), NULL, NULL, '2021-04-20 09:38:46.42075+00', '2021-04-20 09:38:46.42075+00', NULL, '2021-04-20', NULL, NULL, NULL, NULL, NULL, false, 0, '', '', '', '', 'Kohmankaari 11', '33310', 'TAMPERE', 'Kohmankaari 11', '(23.6304,61.50698)', NULL, '33310', 'TAMPERE', false, 'MUNICIPAL', 'fi', false, NULL, NULL,'{"(06:00,18:00)","(06:00,18:00)","(06:00,18:00)","(06:00,18:00)","(06:00,18:00)", null, null}', null,  NULL, '[2021-04-20,)', NULL, NULL, NULL),
    ('340ef41e-a1bc-11eb-b624-1bfeb277865e', 'Tohlopin päiväkoti', '{CENTRE}', (SELECT id FROM care_area WHERE short_name = 'keskusta'), NULL, NULL, '2021-04-20 09:38:46.42075+00', '2021-04-20 09:38:46.42075+00', NULL, '2021-04-20', NULL, NULL, NULL, NULL, NULL, false, 0, '', '', '', '', 'Suoniemenkatu 9', '33310', 'TAMPERE', 'Suoniemenkatu 9', '(23.62797,61.51496)', NULL, '33310', 'TAMPERE', false, 'MUNICIPAL', 'fi', false, NULL, NULL, '{"(06:00,18:00)","(06:00,18:00)","(06:00,18:00)","(06:00,18:00)","(06:00,18:00)", null, null}', null, NULL, '[2021-04-20,)', NULL, NULL, NULL),
    ('340ef8ec-a1bc-11eb-b62d-6717b5e87c85', 'Villilän päiväkoti', '{CENTRE}', (SELECT id FROM care_area WHERE short_name = 'keskusta'), NULL, NULL, '2021-04-20 09:38:46.42075+00', '2021-04-20 09:38:46.42075+00', NULL, '2021-04-20', NULL, NULL, NULL, NULL, NULL, false, 0, '', '', '', '', 'Porkkanakuja 6', '33300', 'TAMPERE', 'Porkkanakuja 6', '(23.63123,61.4973)', NULL, '33300', 'TAMPERE', false, 'MUNICIPAL', 'fi', false, NULL, NULL, '{"(06:00,18:00)","(06:00,18:00)","(06:00,18:00)","(06:00,18:00)","(06:00,18:00)", null, null}', null, NULL, '[2021-04-20,)', NULL, NULL, NULL),
    ('3f66844e-a1bc-11eb-b65b-87ccd093b485', 'Atalan päiväkoti', '{CENTRE}', (SELECT id FROM care_area WHERE short_name = 'kastelli'), NULL, NULL, '2021-04-20 09:39:05.452581+00', '2021-04-20 09:39:05.452581+00', NULL, '2021-04-20', NULL, NULL, NULL, NULL, NULL, false, 0, '', '', '', '', 'Pulkkakatu 14', '33580', 'Tampere', 'Pulkkakatu 14', '(23.91351,61.50741)', NULL, '33580', 'Tampere', false, 'MUNICIPAL', 'fi', false, NULL, NULL, '{"(06:00,18:00)","(06:00,18:00)","(06:00,18:00)","(06:00,18:00)","(06:00,18:00)", null, null}', null, NULL, '[2021-04-20,)', NULL, NULL, NULL),
    ('3f66858e-a1bc-11eb-b65c-a355ad40595e', 'Erho - Hoivayksikkö', '{CENTRE}', (SELECT id FROM care_area WHERE short_name = 'kastelli'), NULL, NULL, '2021-04-20 09:39:05.452581+00', '2021-04-20 09:39:05.452581+00', NULL, '2021-04-20', NULL, NULL, NULL, NULL, NULL, false, 0, '', '', '', '', 'Vuoreksen puistokatu 91', '33870', 'TAMPERE', 'Vuoreksen puistokatu 91', '(23.81057,61.43195)', NULL, '33870', 'TAMPERE', false, 'MUNICIPAL', 'fi', false, NULL, NULL, '{"(06:00,18:00)","(06:00,18:00)","(06:00,18:00)","(06:00,18:00)","(06:00,18:00)", null, null}', null, NULL, '[2021-04-20,)', NULL, NULL, NULL),
    ('3f668728-a1bc-11eb-b65e-17a4ddf9a752', 'Hippoksen päiväkoti', '{CENTRE}', (SELECT id FROM care_area WHERE short_name = 'kastelli'), NULL, NULL, '2021-04-20 09:39:05.452581+00', '2021-04-20 09:39:05.452581+00', NULL, '2021-04-20', NULL, NULL, NULL, NULL, NULL, false, 0, '', '', '', '', 'Takahuhdintie 1', '33530', 'Tampere', 'Takahuhdintie 1', '(23.82125,61.4985)', NULL, '33530', 'Tampere', false, 'MUNICIPAL', 'fi', false, NULL, NULL, '{"(06:00,18:00)","(06:00,18:00)","(06:00,18:00)","(06:00,18:00)","(06:00,18:00)", null, null}', null, NULL, '[2021-04-20,)', NULL, NULL, NULL),
    ('3f667508-a1bc-11eb-b62e-9bdec02ff105', 'Ankkarin päiväkoti', '{CENTRE}', (SELECT id FROM care_area WHERE short_name = 'kastelli'), NULL, NULL, '2021-04-20 09:39:05.452581+00', '2021-05-10 05:55:12.772956+00', NULL, '2021-04-20', NULL, NULL, NULL, NULL, NULL, false, 0, '', '', '', '', 'Ankkarinraitti 8', '33560', 'Tampere', 'Ankkarinraitti 8', '(23.8532,61.48854)', '', '33560', 'Tampere', false, 'MUNICIPAL', 'fi', false, '', '', '{"(06:00,18:00)","(06:00,18:00)","(06:00,18:00)","(06:00,18:00)","(06:00,18:00)", null, null}', null, false, '[2021-04-20,)', NULL, NULL, NULL),
    ('3f66885e-a1bc-11eb-b660-434eb7dc67aa', 'Iidesrannan päiväkoti', '{CENTRE}', (SELECT id FROM care_area WHERE short_name = 'kastelli'), NULL, NULL, '2021-04-20 09:39:05.452581+00', '2021-04-20 09:39:05.452581+00', NULL, '2021-04-20', NULL, NULL, NULL, NULL, NULL, false, 0, '', '', '', '', 'Iidesranta 28', '33100', 'TAMPERE', NULL, '(23.78809,61.49021)', NULL, '33100', 'TAMPERE', false, 'MUNICIPAL', 'fi', false, NULL, NULL, '{"(06:00,18:00)","(06:00,18:00)","(06:00,18:00)","(06:00,18:00)","(06:00,18:00)", null, null}', null, NULL, '[2021-04-20,)', NULL, NULL, NULL),
    ('3f6689a8-a1bc-11eb-b661-5f902f23ee56', 'Irjalan päiväkoti', '{CENTRE}', (SELECT id FROM care_area WHERE short_name = 'kastelli'), NULL, NULL, '2021-04-20 09:39:05.452581+00', '2021-04-20 09:39:05.452581+00', NULL, '2021-04-20', NULL, NULL, NULL, NULL, NULL, false, 0, '', '', '', '', 'Pekankatu 2 A-C', '33560', 'TAMPERE', NULL, '(23.85058,61.49696)', NULL, '33560', 'TAMPERE', false, 'MUNICIPAL', 'fi', false, NULL, NULL, '{"(06:00,18:00)","(06:00,18:00)","(06:00,18:00)","(06:00,18:00)","(06:00,18:00)", null, null}', null, NULL, '[2021-04-20,)', NULL, NULL, NULL),
    ('3f668a48-a1bc-11eb-b662-c75b765230c0', 'Itätuulen päiväkoti', '{CENTRE}', (SELECT id FROM care_area WHERE short_name = 'kastelli'), NULL, NULL, '2021-04-20 09:39:05.452581+00', '2021-04-20 09:39:05.452581+00', NULL, '2021-04-20', NULL, NULL, NULL, NULL, NULL, false, 0, '', '', '', '', 'Mäentakusenkatu 29', '33580', 'TAMPERE', NULL, '(23.90346,61.4939)', NULL, '33580', 'TAMPERE', false, 'MUNICIPAL', 'fi', false, NULL, NULL, '{"(06:00,18:00)","(06:00,18:00)","(06:00,18:00)","(06:00,18:00)","(06:00,18:00)", null, null}', null, NULL, '[2021-04-20,)', NULL, NULL, NULL),
    ('3f668ad4-a1bc-11eb-b663-1f4f62c4fa52', 'Järvensivun päiväkoti', '{CENTRE}', (SELECT id FROM care_area WHERE short_name = 'kastelli'), NULL, NULL, '2021-04-20 09:39:05.452581+00', '2021-04-20 09:39:05.452581+00', NULL, '2021-04-20', NULL, NULL, NULL, NULL, NULL, false, 0, '', '', '', '', 'Järvensivuntie 17 A', '33100', 'TAMPERE', NULL, '(23.791569,61.491833)', NULL, '33100', 'TAMPERE', false, 'MUNICIPAL', 'fi', false, NULL, NULL, '{"(06:00,18:00)","(06:00,18:00)","(06:00,18:00)","(06:00,18:00)","(06:00,18:00)", null, null}', null, NULL, '[2021-04-20,)', NULL, NULL, NULL),
    ('3f668c82-a1bc-11eb-b664-478f3ed1b458', 'Kalevanharjun päiväkoti', '{CENTRE}', (SELECT id FROM care_area WHERE short_name = 'kastelli'), NULL, NULL, '2021-04-20 09:39:05.452581+00', '2021-04-20 09:39:05.452581+00', NULL, '2021-04-20', NULL, NULL, NULL, NULL, NULL, false, 0, '', '', '', '', 'Sairaalankatu 3 C', '33100', 'TAMPERE', NULL, '(23.78484,61.4949)', NULL, '33100', 'TAMPERE', false, 'MUNICIPAL', 'fi', false, NULL, NULL, '{"(06:00,18:00)","(06:00,18:00)","(06:00,18:00)","(06:00,18:00)","(06:00,18:00)", null, null}', null, NULL, '[2021-04-20,)', NULL, NULL, NULL),
    ('3f668d22-a1bc-11eb-b665-affb6fbcf831', 'Kämmenniemen päiväkoti', '{CENTRE}', (SELECT id FROM care_area WHERE short_name = 'kastelli'), NULL, NULL, '2021-04-20 09:39:05.452581+00', '2021-04-20 09:39:05.452581+00', NULL, '2021-04-20', NULL, NULL, NULL, NULL, NULL, false, 0, '', '', '', '', 'Paavolantie 2', '34240', 'KÄMMENNIEMI', 'Paavolantie 2', '(23.83817,61.62852)', NULL, '34240', 'KÄMMENNIEMI', false, 'MUNICIPAL', 'fi', false, NULL, NULL, '{"(06:00,18:00)","(06:00,18:00)","(06:00,18:00)","(06:00,18:00)","(06:00,18:00)", null, null}', null, NULL, '[2021-04-20,)', NULL, NULL, NULL),
    ('3f668db8-a1bc-11eb-b666-1f1b195809f6', 'Kissankulman päiväkoti', '{CENTRE}', (SELECT id FROM care_area WHERE short_name = 'kastelli'), NULL, NULL, '2021-04-20 09:39:05.452581+00', '2021-04-20 09:39:05.452581+00', NULL, '2021-04-20', NULL, NULL, NULL, NULL, NULL, false, 0, '', '', '', '', 'Rkastellikatu 9 a', '33520', 'TAMPERE', 'Rkastellikatu 9 a', '(23.82751,61.50374)', NULL, '33520', 'TAMPERE', false, 'MUNICIPAL', 'fi', false, NULL, NULL, '{"(06:00,18:00)","(06:00,18:00)","(06:00,18:00)","(06:00,18:00)","(06:00,18:00)", null, null}', null, NULL, '[2021-04-20,)', NULL, NULL, NULL),
    ('3f668e44-a1bc-11eb-b667-d31671d21a45', 'Kissanmaan päiväkoti', '{CENTRE}', (SELECT id FROM care_area WHERE short_name = 'kastelli'), NULL, NULL, '2021-04-20 09:39:05.452581+00', '2021-04-20 09:39:05.452581+00', NULL, '2021-04-20', NULL, NULL, NULL, NULL, NULL, false, 0, '', '', '', '', 'Hippoksenkatu 5', '33560', 'TAMPERE', 'Hippoksenkatu 5', '(23.8084,61.50178)', NULL, '33560', 'TAMPERE', false, 'MUNICIPAL', 'fi', false, NULL, NULL, '{"(06:00,18:00)","(06:00,18:00)","(06:00,18:00)","(06:00,18:00)","(06:00,18:00)", null, null}', null, NULL, '[2021-04-20,)', NULL, NULL, NULL),
    ('3f668ed0-a1bc-11eb-b668-332b3b1f8f11', 'Leinolan päiväkoti', '{CENTRE}', (SELECT id FROM care_area WHERE short_name = 'kastelli'), NULL, NULL, '2021-04-20 09:39:05.452581+00', '2021-04-20 09:39:05.452581+00', NULL, '2021-04-20', NULL, NULL, NULL, NULL, NULL, false, 0, '', '', '', '', 'Ilmattarenkatu 16', '33730', 'TAMPERE', 'Ilmattarenkatu 16', '(23.91995,61.48761)', NULL, '33730', 'TAMPERE', false, 'MUNICIPAL', 'fi', false, NULL, NULL, '{"(06:00,18:00)","(06:00,18:00)","(06:00,18:00)","(06:00,18:00)","(06:00,18:00)", null, null}', null, NULL, '[2021-04-20,)', NULL, NULL, NULL),
    ('3f668f5c-a1bc-11eb-b669-1ba31c6ef841', 'Linnainmaan kerho', '{CLUB}', (SELECT id FROM care_area WHERE short_name = 'kastelli'), NULL, NULL, '2021-04-20 09:39:05.452581+00', '2021-04-20 09:39:05.452581+00', NULL, '2021-04-20', NULL, NULL, NULL, NULL, NULL, false, 0, '', '', '', '', 'Helakallionkatu 1', '33580', 'TAMPERE', 'Helakallionkatu 1', '(23.89376,61.49071)', NULL, '33580', 'TAMPERE', false, 'MUNICIPAL', 'fi', false, NULL, NULL, '{"(06:00,18:00)","(06:00,18:00)","(06:00,18:00)","(06:00,18:00)","(06:00,18:00)", null, null}', null, NULL, NULL, NULL, '[2021-04-20,)', NULL),
    ('3f668fde-a1bc-11eb-b66a-4b3b68d1e270', 'Linnainmaan päiväkoti', '{CENTRE}', (SELECT id FROM care_area WHERE short_name = 'kastelli'), NULL, NULL, '2021-04-20 09:39:05.452581+00', '2021-04-20 09:39:05.452581+00', NULL, '2021-04-20', NULL, NULL, NULL, NULL, NULL, false, 0, '', '', '', '', 'Hannulankatu 8', '33580', 'TAMPERE', 'Hannulankatu 8', '(23.88412,61.4925)', NULL, '33580', 'TAMPERE', false, 'MUNICIPAL', 'fi', false, NULL, NULL, '{"(06:00,18:00)","(06:00,18:00)","(06:00,18:00)","(06:00,18:00)","(06:00,18:00)", null, null}', null, NULL, '[2021-04-20,)', NULL, NULL, NULL),
    ('3f66906a-a1bc-11eb-b66b-8b7862ac09eb', 'Luhtaan päiväkoti', '{CENTRE}', (SELECT id FROM care_area WHERE short_name = 'kastelli'), NULL, NULL, '2021-04-20 09:39:05.452581+00', '2021-04-20 09:39:05.452581+00', NULL, '2021-04-20', NULL, NULL, NULL, NULL, NULL, false, 0, '', '', '', '', 'Luhtaankatu 10', '33560', 'TAMPERE', 'Luhtaankatu 10', '(23.8711,61.49643)', NULL, '33560', 'TAMPERE', false, 'MUNICIPAL', 'fi', false, NULL, NULL, '{"(06:00,18:00)","(06:00,18:00)","(06:00,18:00)","(06:00,18:00)","(06:00,18:00)", null, null}', null, NULL, '[2021-04-20,)', NULL, NULL, NULL),
    ('3f6690f6-a1bc-11eb-b66c-9f4f22fe9c81', 'Messukylän päiväkoti', '{CENTRE}', (SELECT id FROM care_area WHERE short_name = 'kastelli'), NULL, NULL, '2021-04-20 09:39:05.452581+00', '2021-04-20 09:39:05.452581+00', NULL, '2021-04-20', NULL, NULL, NULL, NULL, NULL, false, 0, '', '', '', '', 'Ristinarkuntie 1', '33700', 'TAMPERE', 'Ristinarkuntie 1', '(23.84851,61.48463)', NULL, '33700', 'TAMPERE', false, 'MUNICIPAL', 'fi', false, NULL, NULL, '{"(06:00,18:00)","(06:00,18:00)","(06:00,18:00)","(06:00,18:00)","(06:00,18:00)", null, null}', null, NULL, '[2021-04-20,)', NULL, NULL, NULL),
    ('3f66918c-a1bc-11eb-b66d-936e755394ce', 'Metsästäjän päiväkoti', '{CENTRE}', (SELECT id FROM care_area WHERE short_name = 'kastelli'), NULL, NULL, '2021-04-20 09:39:05.452581+00', '2021-04-20 09:39:05.452581+00', NULL, '2021-04-20', NULL, NULL, NULL, NULL, NULL, false, 0, '', '', '', '', 'Metsästäjänkatu 1 K', '33580', 'TAMPERE', 'Metsästäjänkatu 1 K', '(23.90604,61.50428)', NULL, '33580', 'TAMPERE', false, 'MUNICIPAL', 'fi', false, NULL, NULL, '{"(06:00,18:00)","(06:00,18:00)","(06:00,18:00)","(06:00,18:00)","(06:00,18:00)", null, null}', null, NULL, '[2021-04-20,)', NULL, NULL, NULL),
    ('3f669d80-a1bc-11eb-b682-5f686e60d889', 'Touhula Kaleva', '{CENTRE}', (SELECT id FROM care_area WHERE short_name = 'kastelli'), NULL, NULL, '2021-04-20 09:39:05.452581+00', '2021-08-12 10:23:51.766055+00', NULL, '2021-04-20', NULL, NULL, NULL, NULL, '234', false, 0, 'Touhula Kaleva', '', '', '', 'Sairaalankatu 7', '33100', 'TAMPERE', 'Sairaalankatu 7', '(23.78589,61.49301)', '', '33100', 'TAMPERE', true, 'PRIVATE_SERVICE_VOUCHER', 'fi', false, '', '', '{"(06:00,18:00)","(06:00,18:00)","(06:00,18:00)","(06:00,18:00)","(06:00,18:00)", null, null}', null, false, '[2021-04-20,)', NULL, NULL, NULL),
    ('3f6692a4-a1bc-11eb-b66f-fb92f0dd0f7d', 'Olkahisen päiväkoti', '{CENTRE}', (SELECT id FROM care_area WHERE short_name = 'kastelli'), NULL, NULL, '2021-04-20 09:39:05.452581+00', '2021-04-20 09:39:05.452581+00', NULL, '2021-04-20', NULL, NULL, NULL, NULL, NULL, false, 0, '', '', '', '', 'Jenseninkatu 3', '33610', 'TAMPERE', 'Jenseninkatu 3', '(23.94643,61.52174)', NULL, '33610', 'TAMPERE', false, 'MUNICIPAL', 'fi', false, NULL, NULL, '{"(06:00,18:00)","(06:00,18:00)","(06:00,18:00)","(06:00,18:00)","(06:00,18:00)", null, null}', null, NULL, '[2021-04-20,)', NULL, NULL, NULL),
    ('3f6694c0-a1bc-11eb-b673-a3f5e0bc2a6e', 'Orimuksen päiväkoti', '{CENTRE}', (SELECT id FROM care_area WHERE short_name = 'kastelli'), NULL, NULL, '2021-04-20 09:39:05.452581+00', '2021-04-20 09:39:05.452581+00', NULL, '2021-04-20', NULL, NULL, NULL, NULL, NULL, false, 0, '', '', '', '', 'Sammalladonkatu 1', '33580', 'TAMPERE', 'Sammalladonkatu 1', '(23.91207,61.49452)', NULL, '33580', 'TAMPERE', false, 'MUNICIPAL', 'fi', false, NULL, NULL, '{"(06:00,18:00)","(06:00,18:00)","(06:00,18:00)","(06:00,18:00)","(06:00,18:00)", null, null}', null, NULL, '[2021-04-20,)', NULL, NULL, NULL),
    ('3f66954c-a1bc-11eb-b674-db5187792ade', 'Pappilan päiväkoti', '{CENTRE}', (SELECT id FROM care_area WHERE short_name = 'kastelli'), NULL, NULL, '2021-04-20 09:39:05.452581+00', '2021-04-20 09:39:05.452581+00', NULL, '2021-04-20', NULL, NULL, NULL, NULL, NULL, false, 0, '', '', '', '', 'Takahuhdinkatu 77', '33560', 'TAMPERE', 'Takahuhdinkatu 77', '(23.85634,61.49172)', NULL, '33560', 'TAMPERE', false, 'MUNICIPAL', 'fi', false, NULL, NULL, '{"(06:00,18:00)","(06:00,18:00)","(06:00,18:00)","(06:00,18:00)","(06:00,18:00)", null, null}', null, NULL, '[2021-04-20,)', NULL, NULL, NULL),
    ('3f6695d8-a1bc-11eb-b675-57fa7ccc8329', 'Pellervon päiväkoti', '{CENTRE}', (SELECT id FROM care_area WHERE short_name = 'kastelli'), NULL, NULL, '2021-04-20 09:39:05.452581+00', '2021-04-20 09:39:05.452581+00', NULL, '2021-04-20', NULL, NULL, NULL, NULL, NULL, false, 0, '', '', '', '', 'Pellervonkatu 20', '33540', 'TAMPERE', 'Pellervonkatu 20', '(23.81276,61.49632)', NULL, '33540', 'TAMPERE', false, 'MUNICIPAL', 'fi', false, NULL, NULL, '{"(06:00,18:00)","(06:00,18:00)","(06:00,18:00)","(06:00,18:00)","(06:00,18:00)", null, null}', null, NULL, '[2021-04-20,)', NULL, NULL, NULL),
    ('3f6699ac-a1bc-11eb-b67b-4bb966abf3f6', 'Sammon päiväkoti', '{CENTRE}', (SELECT id FROM care_area WHERE short_name = 'kastelli'), NULL, NULL, '2021-04-20 09:39:05.452581+00', '2021-04-20 09:39:05.452581+00', NULL, '2021-04-20', NULL, NULL, NULL, NULL, NULL, false, 0, '', '', '', '', 'Lemminkäisenkatu 11', '33540', 'TAMPERE', 'Lemminkäisenkatu 11', '(23.80969,61.49835)', NULL, '33540', 'TAMPERE', false, 'MUNICIPAL', 'fi', false, NULL, NULL, '{"(06:00,18:00)","(06:00,18:00)","(06:00,18:00)","(06:00,18:00)","(06:00,18:00)", null, null}', null, NULL, '[2021-04-20,)', NULL, NULL, NULL),
    ('3f669a42-a1bc-11eb-b67c-c35e769d3393', 'Sorilan päiväkoti', '{CENTRE}', (SELECT id FROM care_area WHERE short_name = 'kastelli'), NULL, NULL, '2021-04-20 09:39:05.452581+00', '2021-04-20 09:39:05.452581+00', NULL, '2021-04-20', NULL, NULL, NULL, NULL, NULL, false, 0, '', '', '', '', 'Sorilanraitti 14', '33680', 'TAMPERE', 'Sorilanraitti 14', '(23.9323,61.55544)', NULL, '33680', 'TAMPERE', false, 'MUNICIPAL', 'fi', false, NULL, NULL, '{"(06:00,18:00)","(06:00,18:00)","(06:00,18:00)","(06:00,18:00)","(06:00,18:00)", null, null}', null, NULL, '[2021-04-20,)', NULL, NULL, NULL),
    ('3f669b5a-a1bc-11eb-b67e-1f48d600fe86', 'Takahuhdin päiväkoti', '{CENTRE}', (SELECT id FROM care_area WHERE short_name = 'kastelli'), NULL, NULL, '2021-04-20 09:39:05.452581+00', '2021-04-20 09:39:05.452581+00', NULL, '2021-04-20', NULL, NULL, NULL, NULL, NULL, false, 0, '', '', '', '', 'Hintsankatu 4', '33560', 'TAMPERE', 'Hintsankatu 4', '(23.85651,61.49064)', NULL, '33560', 'TAMPERE', false, 'MUNICIPAL', 'fi', false, NULL, NULL, '{"(06:00,18:00)","(06:00,18:00)","(06:00,18:00)","(06:00,18:00)","(06:00,18:00)", null, null}', null, NULL, '[2021-04-20,)', NULL, NULL, NULL),
    ('3f669be6-a1bc-11eb-b67f-7b2304f7c558', 'Tasanteen päiväkoti', '{CENTRE}', (SELECT id FROM care_area WHERE short_name = 'kastelli'), NULL, NULL, '2021-04-20 09:39:05.452581+00', '2021-04-20 09:39:05.452581+00', NULL, '2021-04-20', NULL, NULL, NULL, NULL, NULL, false, 0, '', '', '', '', 'Rusthollikatu 8', '33610', 'TAMPERE', 'Rusthollikatu 8', '(23.93117,61.51666)', NULL, '33610', 'TAMPERE', false, 'MUNICIPAL', 'fi', false, NULL, NULL, '{"(06:00,18:00)","(06:00,18:00)","(06:00,18:00)","(06:00,18:00)","(06:00,18:00)", null, null}', null, NULL, '[2021-04-20,)', NULL, NULL, NULL),
    ('3f669c72-a1bc-11eb-b680-67a92cdedcb2', 'Terälahden päiväkoti', '{CENTRE}', (SELECT id FROM care_area WHERE short_name = 'kastelli'), NULL, NULL, '2021-04-20 09:39:05.452581+00', '2021-04-20 09:39:05.452581+00', NULL, '2021-04-20', NULL, NULL, NULL, NULL, NULL, false, 0, '', '', '', '', 'Niemikyläntie 14', '34260', 'Terälahti', 'Niemikyläntie 14', '(23.90276,61.70812)', NULL, '34260', 'Terälahti', false, 'MUNICIPAL', 'fi', false, NULL, NULL, '{"(06:00,18:00)","(06:00,18:00)","(06:00,18:00)","(06:00,18:00)","(06:00,18:00)", null, null}', null, NULL, '[2021-04-20,)', NULL, NULL, NULL),
    ('3f669f1a-a1bc-11eb-b685-1778ff8f6e4d', 'Turtolan päiväkoti', '{CENTRE}', (SELECT id FROM care_area WHERE short_name = 'kastelli'), NULL, NULL, '2021-04-20 09:39:05.452581+00', '2021-04-20 09:39:05.452581+00', NULL, '2021-04-20', NULL, NULL, NULL, NULL, NULL, false, 0, '', '', '', '', 'Turtolantanhua 3', '33710', 'TAMPERE', 'Turtolantanhua 3', '(23.84465,61.47494)', NULL, '33710', 'TAMPERE', false, 'MUNICIPAL', 'fi', false, NULL, NULL, '{"(06:00,18:00)","(06:00,18:00)","(06:00,18:00)","(06:00,18:00)","(06:00,18:00)", null, null}', null, NULL, '[2021-04-20,)', NULL, NULL, NULL),
    ('49c57f12-a1bc-11eb-b686-53a2520d8ee3', 'Annalan päiväkoti', '{CENTRE}', (SELECT id FROM care_area WHERE short_name = 'kiiminki'), NULL, NULL, '2021-04-20 09:39:22.852608+00', '2021-04-20 09:39:22.852608+00', NULL, '2021-04-20', NULL, NULL, NULL, NULL, NULL, false, 0, '', '', '', '', 'Kolunkatu 2', '33820', 'Tampere', 'Kolunkatu 2', '(23.88933,61.46474)', NULL, '33820', 'Tampere', false, 'MUNICIPAL', 'fi', false, NULL, NULL, '{"(06:00,18:00)","(06:00,18:00)","(06:00,18:00)","(06:00,18:00)","(06:00,18:00)", null, null}', null, NULL, '[2021-04-20,)', NULL, NULL, NULL),
    ('49c58eda-a1bc-11eb-b6b5-ef909be49144', 'Hallilan päiväkoti', '{CENTRE}', (SELECT id FROM care_area WHERE short_name = 'kiiminki'), NULL, NULL, '2021-04-20 09:39:22.852608+00', '2021-04-20 09:39:22.852608+00', NULL, '2021-04-20', NULL, NULL, NULL, NULL, NULL, false, 0, '', '', '', '', 'Havumetsänkatu 1', '33820', 'Tampere', 'Havumetsänkatu 1', '(23.83893,61.46332)', NULL, '33820', 'Tampere', false, 'MUNICIPAL', 'fi', false, NULL, NULL, '{"(06:00,18:00)","(06:00,18:00)","(06:00,18:00)","(06:00,18:00)","(06:00,18:00)", null, null}', null, NULL, '[2021-04-20,)', NULL, NULL, NULL),
    ('49c58fd4-a1bc-11eb-b6b6-93234bf88c13', 'Helapuiston päiväkoti', '{CENTRE}', (SELECT id FROM care_area WHERE short_name = 'kiiminki'), NULL, NULL, '2021-04-20 09:39:22.852608+00', '2021-04-20 09:39:22.852608+00', NULL, '2021-04-20', NULL, NULL, NULL, NULL, NULL, false, 0, '', '', '', '', 'Arkkitehdinkatu 11', '33720', 'Tampere', 'Arkkitehdinkatu 11', '(23.8514,61.44137)', NULL, '33720', 'Tampere', false, 'MUNICIPAL', 'fi', false, NULL, NULL, '{"(06:00,18:00)","(06:00,18:00)","(06:00,18:00)","(06:00,18:00)","(06:00,18:00)", null, null}', null, NULL, '[2021-04-20,)', NULL, NULL, NULL),
    ('49c59074-a1bc-11eb-b6b7-a7306e8f60a2', 'Hervannan päiväkoti', '{CENTRE}', (SELECT id FROM care_area WHERE short_name = 'kiiminki'), NULL, NULL, '2021-04-20 09:39:22.852608+00', '2021-04-20 09:39:22.852608+00', NULL, '2021-04-20', NULL, NULL, NULL, NULL, NULL, false, 0, '', '', '', '', 'Ruovedenkatu 7', '33720', 'Tampere', 'Ruovedenkatu 7', '(23.83709,61.4546)', NULL, '33720', 'Tampere', false, 'MUNICIPAL', 'fi', false, NULL, NULL, '{"(06:00,18:00)","(06:00,18:00)","(06:00,18:00)","(06:00,18:00)","(06:00,18:00)", null, null}', null, NULL, '[2021-04-20,)', NULL, NULL, NULL),
    ('49c59114-a1bc-11eb-b6b8-ef5b78a9a449', 'Juvan päiväkoti', '{CENTRE}', (SELECT id FROM care_area WHERE short_name = 'kiiminki'), NULL, NULL, '2021-04-20 09:39:22.852608+00', '2021-04-20 09:39:22.852608+00', NULL, '2021-04-20', NULL, NULL, NULL, NULL, NULL, false, 0, '', '', '', '', 'Käätykatu 9', '33710', 'TAMPERE', NULL, '(23.87199,61.4701)', NULL, '33710', 'TAMPERE', false, 'MUNICIPAL', 'fi', false, NULL, NULL, '{"(06:00,18:00)","(06:00,18:00)","(06:00,18:00)","(06:00,18:00)","(06:00,18:00)", null, null}', null, NULL, '[2021-04-20,)', NULL, NULL, NULL),
    ('49c591aa-a1bc-11eb-b6b9-9fdae104264b', 'Kanjonin päiväkoti', '{CENTRE}', (SELECT id FROM care_area WHERE short_name = 'kiiminki'), NULL, NULL, '2021-04-20 09:39:22.852608+00', '2021-04-20 09:39:22.852608+00', NULL, '2021-04-20', NULL, NULL, NULL, NULL, NULL, false, 0, '', '', '', '', 'Vilppulanpolku 20', '33720', 'TAMPERE', NULL, '(23.83829,61.45575)', NULL, '33720', 'TAMPERE', false, 'MUNICIPAL', 'fi', false, NULL, NULL, '{"(06:00,18:00)","(06:00,18:00)","(06:00,18:00)","(06:00,18:00)","(06:00,18:00)", null, null}', null, NULL, '[2021-04-20,)', NULL, NULL, NULL),
    ('49c59236-a1bc-11eb-b6ba-3b713c7bcbfb', 'Kaukajärven päiväkoti', '{CENTRE}', (SELECT id FROM care_area WHERE short_name = 'kiiminki'), NULL, NULL, '2021-04-20 09:39:22.852608+00', '2021-04-20 09:39:22.852608+00', NULL, '2021-04-20', NULL, NULL, NULL, NULL, NULL, false, 0, '', '', '', '', 'Järvikatu 1', '33710', 'TAMPERE', NULL, '(23.88235,61.47491)', NULL, '33710', 'TAMPERE', false, 'MUNICIPAL', 'fi', false, NULL, NULL, '{"(06:00,18:00)","(06:00,18:00)","(06:00,18:00)","(06:00,18:00)","(06:00,18:00)", null, null}', null, NULL, '[2021-04-20,)', NULL, NULL, NULL),
    ('49c59380-a1bc-11eb-b6bb-f32bd0328ef7', 'Klaavan päiväkoti', '{CENTRE}', (SELECT id FROM care_area WHERE short_name = 'kiiminki'), NULL, NULL, '2021-04-20 09:39:22.852608+00', '2021-04-20 09:39:22.852608+00', NULL, '2021-04-20', NULL, NULL, NULL, NULL, NULL, false, 0, '', '', '', '', 'Vuoreksen puistokatu 87', '33870', 'TAMPERE', 'Vuoreksen puistokatu 87', '(23.80938,61.43241)', NULL, '33870', 'TAMPERE', false, 'MUNICIPAL', 'fi', false, NULL, NULL, '{"(06:00,18:00)","(06:00,18:00)","(06:00,18:00)","(06:00,18:00)","(06:00,18:00)", null, null}', null, NULL, '[2021-04-20,)', NULL, NULL, NULL),
    ('49c59614-a1bc-11eb-b6bf-1f63fd0e297c', 'Kuuselan päiväkoti', '{CENTRE}', (SELECT id FROM care_area WHERE short_name = 'kiiminki'), NULL, NULL, '2021-04-20 09:39:22.852608+00', '2021-04-20 09:39:22.852608+00', NULL, '2021-04-20', NULL, NULL, NULL, NULL, NULL, false, 0, '', '', '', '', 'Nuolialantie 46', '33900', 'TAMPERE', 'Nuolialantie 46', '(23.74545,61.47057)', NULL, '33900', 'TAMPERE', false, 'MUNICIPAL', 'fi', false, NULL, NULL, '{"(06:00,18:00)","(06:00,18:00)","(06:00,18:00)","(06:00,18:00)","(06:00,18:00)", null, null}', null, NULL, '[2021-04-20,)', NULL, NULL, NULL),
    ('49c596c8-a1bc-11eb-b6c0-abd85496632c', 'Lukonmäen päiväkoti', '{CENTRE}', (SELECT id FROM care_area WHERE short_name = 'kiiminki'), NULL, NULL, '2021-04-20 09:39:22.852608+00', '2021-04-20 09:39:22.852608+00', NULL, '2021-04-20', NULL, NULL, NULL, NULL, NULL, false, 0, '', '', '', '', 'Turtolankatu 41', '33710', 'TAMPERE', 'Turtolankatu 41', '(23.8559,61.46498)', NULL, '33710', 'TAMPERE', false, 'MUNICIPAL', 'fi', false, NULL, NULL, '{"(06:00,18:00)","(06:00,18:00)","(06:00,18:00)","(06:00,18:00)","(06:00,18:00)", null, null}', null, NULL, '[2021-04-20,)', NULL, NULL, NULL),
    ('49c59754-a1bc-11eb-b6c1-8ffcf7345f9a', 'Maijalanpuiston päiväkoti', '{CENTRE}', (SELECT id FROM care_area WHERE short_name = 'kiiminki'), NULL, NULL, '2021-04-20 09:39:22.852608+00', '2021-04-20 09:39:22.852608+00', NULL, '2021-04-20', NULL, NULL, NULL, NULL, NULL, false, 0, '', '', '', '', 'Ylioppilaankatu 6 - 8', '33720', 'TAMPERE', 'Ylioppilaankatu 6 - 8', '(23.8313,61.44683)', NULL, '33720', 'TAMPERE', false, 'MUNICIPAL', 'fi', false, NULL, NULL, '{"(06:00,18:00)","(06:00,18:00)","(06:00,18:00)","(06:00,18:00)","(06:00,18:00)", null, null}', null, NULL, '[2021-04-20,)', NULL, NULL, NULL),
    ('3f669880-a1bc-11eb-b67a-2b91eccc3584', 'Pilke Kiuru', '{CENTRE}', (SELECT id FROM care_area WHERE short_name = 'kastelli'), NULL, NULL, '2021-04-20 09:39:05.452581+00', '2021-05-07 03:22:14.665731+00', NULL, '2021-04-20', NULL, NULL, NULL, NULL, NULL, false, 0, '', '', '', '', 'Kuusitie 8', '36110', 'KANGASALA', 'Kuusitie 8', '(24.00936,61.53011)', NULL, '36110', 'KANGASALA', false, 'PRIVATE_SERVICE_VOUCHER', 'fi', false, NULL, NULL, '{"(06:00,18:00)","(06:00,18:00)","(06:00,18:00)","(06:00,18:00)","(06:00,18:00)", null, null}', null, NULL, '[2021-04-20,)', NULL, NULL, NULL),
    ('49c59466-a1bc-11eb-b6bc-93fef80ec234', 'Koivistonkylän päiväkoti', '{CENTRE}', (SELECT id FROM care_area WHERE short_name = 'kiiminki'), NULL, NULL, '2021-04-20 09:39:22.852608+00', '2021-05-24 12:19:49.136583+00', NULL, '2021-04-20', NULL, NULL, NULL, NULL, NULL, false, 7, '', '', '', '', 'Koivistontie 50', '33820', 'TAMPERE', 'Koivistontie 50', '(23.79314,61.47109)', '', '33820', 'TAMPERE', false, 'MUNICIPAL', 'fi', false, '', '', '{"(06:00,18:00)","(06:00,18:00)","(06:00,18:00)","(06:00,18:00)","(06:00,18:00)", null, null}', null, false, '[2021-04-20,)', NULL, NULL, NULL),
    ('49c597e0-a1bc-11eb-b6c2-0bcd472921c3', 'Metsäniityn päiväkoti', '{CENTRE}', (SELECT id FROM care_area WHERE short_name = 'kiiminki'), NULL, NULL, '2021-04-20 09:39:22.852608+00', '2021-04-20 09:39:22.852608+00', NULL, '2021-04-20', NULL, NULL, NULL, NULL, NULL, false, 0, '', '', '', '', 'Pitkäniitynkatu 1', '33710', 'TAMPERE', 'Pitkäniitynkatu 1', '(23.90451,61.46212)', NULL, '33710', 'TAMPERE', false, 'MUNICIPAL', 'fi', false, NULL, NULL, '{"(06:00,18:00)","(06:00,18:00)","(06:00,18:00)","(06:00,18:00)","(06:00,18:00)", null, null}', null, NULL, '[2021-04-20,)', NULL, NULL, NULL),
    ('49c59bbe-a1bc-11eb-b6c4-3b31302f5090', 'Multisillan päiväkoti', '{CENTRE}', (SELECT id FROM care_area WHERE short_name = 'kiiminki'), NULL, NULL, '2021-04-20 09:39:22.852608+00', '2021-04-20 09:39:22.852608+00', NULL, '2021-04-20', NULL, NULL, NULL, NULL, NULL, false, 0, '', '', '', '', 'Terävänkatu 3', '33850', 'TAMPERE', 'Terävänkatu 3', '(23.75275,61.44055)', NULL, '33850', 'TAMPERE', false, 'MUNICIPAL', 'fi', false, NULL, NULL, '{"(06:00,18:00)","(06:00,18:00)","(06:00,18:00)","(06:00,18:00)","(06:00,18:00)", null, null}', null, NULL, '[2021-04-20,)', NULL, NULL, NULL),
    ('49c59c90-a1bc-11eb-b6c5-d7befaae8457', 'Muotialan päiväkoti', '{CENTRE}', (SELECT id FROM care_area WHERE short_name = 'kiiminki'), NULL, NULL, '2021-04-20 09:39:22.852608+00', '2021-04-20 09:39:22.852608+00', NULL, '2021-04-20', NULL, NULL, NULL, NULL, NULL, false, 0, '', '', '', '', 'Muotialantie 64', '33800', 'TAMPERE', 'Muotialantie 64', '(23.82187,61.47703)', NULL, '33800', 'TAMPERE', false, 'MUNICIPAL', 'fi', false, NULL, NULL, '{"(06:00,18:00)","(06:00,18:00)","(06:00,18:00)","(06:00,18:00)","(06:00,18:00)", null, null}', null, NULL, '[2021-04-20,)', NULL, NULL, NULL),
    ('49c59d30-a1bc-11eb-b6c6-8bb3867fd6ab', 'Mustametsän päiväkoti', '{CENTRE}', (SELECT id FROM care_area WHERE short_name = 'kiiminki'), NULL, NULL, '2021-04-20 09:39:22.852608+00', '2021-04-20 09:39:22.852608+00', NULL, '2021-04-20', NULL, NULL, NULL, NULL, NULL, false, 0, '', '', '', '', 'Kuokkamaantie 14', '33800', 'TAMPERE', 'Kuokkamaantie 14', '(23.79062,61.48211)', NULL, '33800', 'TAMPERE', false, 'MUNICIPAL', 'fi', false, NULL, NULL, '{"(06:00,18:00)","(06:00,18:00)","(06:00,18:00)","(06:00,18:00)","(06:00,18:00)", null, null}', null, NULL, '[2021-04-20,)', NULL, NULL, NULL),
    ('49c59fe2-a1bc-11eb-b6ca-8b93867eec11', 'Pääskysen päiväkoti', '{CENTRE}', (SELECT id FROM care_area WHERE short_name = 'kiiminki'), NULL, NULL, '2021-04-20 09:39:22.852608+00', '2021-04-20 09:39:22.852608+00', NULL, '2021-04-20', NULL, NULL, NULL, NULL, NULL, false, 0, '', '', '', '', 'Atomikatu 5', '33720', 'TAMPERE', 'Atomikatu 5', NULL, NULL, '33720', 'TAMPERE', false, 'MUNICIPAL', 'fi', false, NULL, NULL, '{"(06:00,18:00)","(06:00,18:00)","(06:00,18:00)","(06:00,18:00)","(06:00,18:00)", null, null}', null, NULL, '[2021-04-20,)', NULL, NULL, NULL),
    ('49c5a064-a1bc-11eb-b6cb-ffcaf7c1d08c', 'Pallopuiston päiväkoti', '{CENTRE}', (SELECT id FROM care_area WHERE short_name = 'kiiminki'), NULL, NULL, '2021-04-20 09:39:22.852608+00', '2021-04-20 09:39:22.852608+00', NULL, '2021-04-20', NULL, NULL, NULL, NULL, NULL, false, 0, '', '', '', '', 'Parkanonkatu 29', '33720', 'TAMPERE', 'Parkanonkatu 29', '(23.83274,61.45256)', NULL, '33720', 'TAMPERE', false, 'MUNICIPAL', 'fi', false, NULL, NULL, '{"(06:00,18:00)","(06:00,18:00)","(06:00,18:00)","(06:00,18:00)","(06:00,18:00)", null, null}', null, NULL, '[2021-04-20,)', NULL, NULL, NULL),
    ('49c5a0fa-a1bc-11eb-b6cc-cf72b72d0b5b', 'Peltolammin päiväkoti', '{CENTRE}', (SELECT id FROM care_area WHERE short_name = 'kiiminki'), NULL, NULL, '2021-04-20 09:39:22.852608+00', '2021-04-20 09:39:22.852608+00', NULL, '2021-04-20', NULL, NULL, NULL, NULL, NULL, false, 0, '', '', '', '', 'Peltolamminkatu 12', '33840', 'TAMPERE', 'Peltolamminkatu 12', '(23.75666,61.45497)', NULL, '33840', 'TAMPERE', false, 'MUNICIPAL', 'fi', false, NULL, NULL, '{"(06:00,18:00)","(06:00,18:00)","(06:00,18:00)","(06:00,18:00)","(06:00,18:00)", null, null}', null, NULL, '[2021-04-20,)', NULL, NULL, NULL),
    ('49c5a42e-a1bc-11eb-b6d2-131aa8ed1ba8', 'Rantaperkiön päiväkoti', '{CENTRE}', (SELECT id FROM care_area WHERE short_name = 'kiiminki'), NULL, NULL, '2021-04-20 09:39:22.852608+00', '2021-04-20 09:39:22.852608+00', NULL, '2021-04-20', NULL, NULL, NULL, NULL, NULL, false, 0, '', '', '', '', 'Tuomikuja 6 C', '33900', 'TAMPERE', 'Tuomikuja 6 C', '(23.75932,61.47472)', NULL, '33900', 'TAMPERE', false, 'MUNICIPAL', 'fi', false, NULL, NULL, '{"(06:00,18:00)","(06:00,18:00)","(06:00,18:00)","(06:00,18:00)","(06:00,18:00)", null, null}', null, NULL, '[2021-04-20,)', NULL, NULL, NULL),
    ('49c5a4ba-a1bc-11eb-b6d3-47f3459c5f9c', 'Satoramin päiväkoti', '{CENTRE}', (SELECT id FROM care_area WHERE short_name = 'kiiminki'), NULL, NULL, '2021-04-20 09:39:22.852608+00', '2021-04-20 09:39:22.852608+00', NULL, '2021-04-20', NULL, NULL, NULL, NULL, NULL, false, 0, '', '', '', '', 'Paavo Kolinkatu 12', '33720', 'TAMPERE', 'Paavo Kolinkatu 12', '(23.83295,61.44541)', NULL, '33720', 'TAMPERE', false, 'MUNICIPAL', 'fi', false, NULL, NULL, '{"(06:00,18:00)","(06:00,18:00)","(06:00,18:00)","(06:00,18:00)","(06:00,18:00)", null, null}', null, NULL, '[2021-04-20,)', NULL, NULL, NULL),
    ('49c5a69a-a1bc-11eb-b6d6-73f324947c69', 'Talvitien päiväkoti', '{CENTRE}', (SELECT id FROM care_area WHERE short_name = 'kiiminki'), NULL, NULL, '2021-04-20 09:39:22.852608+00', '2021-04-20 09:39:22.852608+00', NULL, '2021-04-20', NULL, NULL, NULL, NULL, NULL, false, 0, '', '', '', '', 'Talvitie 24', '33900', 'TAMPERE', 'Talvitie 24', '(23.75076,61.46843)', NULL, '33900', 'TAMPERE', false, 'MUNICIPAL', 'fi', false, NULL, NULL, '{"(06:00,18:00)","(06:00,18:00)","(06:00,18:00)","(06:00,18:00)","(06:00,18:00)", null, null}', null, NULL, '[2021-04-20,)', NULL, NULL, NULL),
    ('49c5a96a-a1bc-11eb-b6db-4bed9d2058cd', 'Tuomikujan päiväkoti', '{CENTRE}', (SELECT id FROM care_area WHERE short_name = 'kiiminki'), NULL, NULL, '2021-04-20 09:39:22.852608+00', '2021-04-20 09:39:22.852608+00', NULL, '2021-04-20', NULL, NULL, NULL, NULL, NULL, false, 0, '', '', '', '', 'Tuomikuja 8', '33900', 'TAMPERE', 'Tuomikuja 8', '(23.7592,61.47561)', NULL, '33900', 'TAMPERE', false, 'MUNICIPAL', 'fi', false, NULL, NULL, '{"(06:00,18:00)","(06:00,18:00)","(06:00,18:00)","(06:00,18:00)","(06:00,18:00)", null, null}', null, NULL, '[2021-04-20,)', NULL, NULL, NULL),
    ('49c5ab54-a1bc-11eb-b6dd-9f0165d0922e', 'Vehmaisten päiväkoti', '{CENTRE}', (SELECT id FROM care_area WHERE short_name = 'kiiminki'), NULL, NULL, '2021-04-20 09:39:22.852608+00', '2021-04-20 09:39:22.852608+00', NULL, '2021-04-20', NULL, NULL, NULL, NULL, NULL, false, 0, '', '', '', '', 'Sarvannankatu 7', '33730', 'TAMPERE', 'Sarvannankatu 7', '(23.91991,61.47616)', NULL, '33730', 'TAMPERE', false, 'MUNICIPAL', 'fi', false, NULL, NULL, '{"(06:00,18:00)","(06:00,18:00)","(06:00,18:00)","(06:00,18:00)","(06:00,18:00)", null, null}', null, NULL, '[2021-04-20,)', NULL, NULL, NULL),
    ('49c5abea-a1bc-11eb-b6de-1f85e12e9851', 'Veisun päiväkoti', '{CENTRE}', (SELECT id FROM care_area WHERE short_name = 'kiiminki'), NULL, NULL, '2021-04-20 09:39:22.852608+00', '2021-04-20 09:39:22.852608+00', NULL, '2021-04-20', NULL, NULL, NULL, NULL, NULL, false, 0, '', '', '', '', 'Veisunkatu 80', '33820', 'TAMPERE', 'Veisunkatu 80', '(23.81467,61.47406)', NULL, '33820', 'TAMPERE', false, 'MUNICIPAL', 'fi', false, NULL, NULL, '{"(06:00,18:00)","(06:00,18:00)","(06:00,18:00)","(06:00,18:00)","(06:00,18:00)", null, null}', null, NULL, '[2021-04-20,)', NULL, NULL, NULL),
    ('49c5ac76-a1bc-11eb-b6df-3bfb70e89935', 'Viinikan päiväkoti', '{CENTRE}', (SELECT id FROM care_area WHERE short_name = 'kiiminki'), NULL, NULL, '2021-04-20 09:39:22.852608+00', '2021-04-20 09:39:22.852608+00', NULL, '2021-04-20', NULL, NULL, NULL, NULL, NULL, false, 0, '', '', '', '', 'Lampitie 42', '33100', 'TAMPERE', 'Lampitie 42', '(23.78377,61.48512)', NULL, '33100', 'TAMPERE', false, 'MUNICIPAL', 'fi', false, NULL, NULL, '{"(06:00,18:00)","(06:00,18:00)","(06:00,18:00)","(06:00,18:00)","(06:00,18:00)", null, null}', null, NULL, '[2021-04-20,)', NULL, NULL, NULL),
    ('49c5ad02-a1bc-11eb-b6e0-7bb542f630c7', 'Vuoreksen kerho', '{CLUB}', (SELECT id FROM care_area WHERE short_name = 'kiiminki'), NULL, NULL, '2021-04-20 09:39:22.852608+00', '2021-04-20 09:39:22.852608+00', NULL, '2021-04-20', NULL, NULL, NULL, NULL, NULL, false, 0, '', '', '', '', 'Rautiolanrinne 2', '33870', 'TAMPERE', 'Rautiolanrinne 2', '(23.81643,61.43117)', NULL, '33870', 'TAMPERE', false, 'MUNICIPAL', 'fi', false, NULL, NULL, '{"(06:00,18:00)","(06:00,18:00)","(06:00,18:00)","(06:00,18:00)","(06:00,18:00)", null, null}', null, NULL, NULL, NULL, '[2021-04-20,)', NULL),
    ('49c5ad8e-a1bc-11eb-b6e1-17107fb70b70', 'Vuoreksen päiväkoti', '{CENTRE}', (SELECT id FROM care_area WHERE short_name = 'kiiminki'), NULL, NULL, '2021-04-20 09:39:22.852608+00', '2021-04-20 09:39:22.852608+00', NULL, '2021-04-20', NULL, NULL, NULL, NULL, NULL, false, 0, '', '', '', '', 'Rautiolanrinne 2', '33870', 'TAMPERE', 'Rautiolanrinne 2', '(23.81643,61.43117)', NULL, '33870', 'TAMPERE', false, 'MUNICIPAL', 'fi', false, NULL, NULL, '{"(06:00,18:00)","(06:00,18:00)","(06:00,18:00)","(06:00,18:00)","(06:00,18:00)", null, null}', null, NULL, '[2021-04-20,)', NULL, NULL, NULL),
    ('49c59588-a1bc-11eb-b6be-f31c8f831437', 'Kukkapellon päiväkoti', '{CENTRE}', (SELECT id FROM care_area WHERE short_name = 'kiiminki'), NULL, NULL, '2021-04-20 09:39:22.852608+00', '2021-05-06 11:07:27.201991+00', NULL, '2021-04-20', NULL, NULL, NULL, NULL, NULL, false, 0, '', '', '', '', 'Hatanpään puistokuja 20', '33900', 'TAMPERE', 'Hatanpään puistokuja 20', '(23.75822,61.48262)', '', '33900', 'TAMPERE', false, 'MUNICIPAL', 'fi', false, '', '', '{"(06:00,18:00)","(06:00,18:00)","(06:00,18:00)","(06:00,18:00)","(06:00,18:00)", null, null}', null, false, '[2021-04-20,)', NULL, NULL, NULL),
    ('340ed970-a1bc-11eb-b610-7b693f87011d', 'MLL / Laivapuiston perhetalo', '{CLUB}', (SELECT id FROM care_area WHERE short_name = 'keskusta'), NULL, NULL, '2021-04-20 09:38:46.42075+00', '2021-05-07 03:22:14.665731+00', NULL, '2021-04-20', NULL, NULL, NULL, NULL, NULL, false, 0, '', '', '', '', 'Tiiliruukinkatu 1', '33200', 'TAMPERE', 'Tiiliruukinkatu 1', '(23.75582,61.49336)', NULL, '33200', 'TAMPERE', false, 'PRIVATE_SERVICE_VOUCHER', 'fi', false, NULL, NULL, '{"(06:00,18:00)","(06:00,18:00)","(06:00,18:00)","(06:00,18:00)","(06:00,18:00)", null, null}', null, NULL, NULL, NULL, '[2021-04-20,)', NULL),
    ('340ed9fc-a1bc-11eb-b611-a779a6a0e991', 'Musiikkikoulu Sointula', '{CLUB}', (SELECT id FROM care_area WHERE short_name = 'keskusta'), NULL, NULL, '2021-04-20 09:38:46.42075+00', '2021-05-07 03:22:14.665731+00', NULL, '2021-04-20', NULL, NULL, NULL, NULL, NULL, false, 0, '', '', '', '', 'Vernissaraitti 6', '33270', 'TAMPERE', 'Vernissaraitti 6', '(23.66062,61.50565)', NULL, '33270', 'TAMPERE', false, 'PRIVATE_SERVICE_VOUCHER', 'fi', false, NULL, NULL, '{"(06:00,18:00)","(06:00,18:00)","(06:00,18:00)","(06:00,18:00)","(06:00,18:00)", null, null}', null, NULL, NULL, NULL, '[2021-04-20,)', NULL),
    ('340edeac-a1bc-11eb-b616-b7c83dfda8bd', 'Oravametsä Tammela', '{CENTRE}', (SELECT id FROM care_area WHERE short_name = 'keskusta'), NULL, NULL, '2021-04-20 09:38:46.42075+00', '2021-05-07 03:22:14.665731+00', NULL, '2021-04-20', NULL, NULL, NULL, NULL, NULL, false, 0, '', '', '', '', 'Aaltosenkatu 31-33', '33500', 'TAMPERE', 'Aaltosenkatu 31-33', '(23.78133,61.5013)', NULL, '33500', 'TAMPERE', false, 'PRIVATE_SERVICE_VOUCHER', 'fi', false, NULL, NULL, '{"(06:00,18:00)","(06:00,18:00)","(06:00,18:00)","(06:00,18:00)","(06:00,18:00)", null, null}', null, NULL, '[2021-04-20,)', NULL, NULL, NULL),
    ('340ee032-a1bc-11eb-b618-f7add927b64b', 'Pikku Tutkijan Päiväkoti Siivikkala', '{CENTRE}', (SELECT id FROM care_area WHERE short_name = 'keskusta'), NULL, NULL, '2021-04-20 09:38:46.42075+00', '2021-05-07 03:22:14.665731+00', NULL, '2021-04-20', NULL, NULL, NULL, NULL, NULL, false, 0, '', '', '', '', 'Ilmarinjärventie 252', '33450', 'SIIVIKKALA', 'Ilmarinjärventie 252', '(23.65577,61.55028)', NULL, '33450', 'SIIVIKKALA', false, 'PRIVATE_SERVICE_VOUCHER', 'fi', false, NULL, NULL, '{"(06:00,18:00)","(06:00,18:00)","(06:00,18:00)","(06:00,18:00)","(06:00,18:00)", null, null}', null, NULL, '[2021-04-20,)', NULL, NULL, NULL),
    ('340ee0c8-a1bc-11eb-b619-ff393108c819', 'Pikku Tutkijan Päiväkoti Tammela', '{CENTRE}', (SELECT id FROM care_area WHERE short_name = 'keskusta'), NULL, NULL, '2021-04-20 09:38:46.42075+00', '2021-05-07 03:22:14.665731+00', NULL, '2021-04-20', NULL, NULL, NULL, NULL, NULL, false, 0, '', '', '', '', 'Osmonraitti 6', '33500', 'TAMPERE', 'Osmonraitti 6', '(23.78568,61.50497)', NULL, '33500', 'TAMPERE', false, 'PRIVATE_SERVICE_VOUCHER', 'fi', false, NULL, NULL, '{"(06:00,18:00)","(06:00,18:00)","(06:00,18:00)","(06:00,18:00)","(06:00,18:00)", null, null}', null, NULL, '[2021-04-20,)', NULL, NULL, NULL),
    ('340ee35c-a1bc-11eb-b61a-6ffdd8142d1d', 'Pilke Peppi & Bobby', '{CENTRE}', (SELECT id FROM care_area WHERE short_name = 'keskusta'), NULL, NULL, '2021-04-20 09:38:46.42075+00', '2021-05-07 03:22:14.665731+00', NULL, '2021-04-20', NULL, NULL, NULL, NULL, NULL, false, 0, '', '', '', '', 'Vikkulankatu 6', '37150', 'NOKIA', 'Vikkulankatu 6', '(23.53199,61.48797)', NULL, '37150', 'NOKIA', false, 'PRIVATE_SERVICE_VOUCHER', 'fi', false, NULL, NULL, '{"(06:00,18:00)","(06:00,18:00)","(06:00,18:00)","(06:00,18:00)","(06:00,18:00)", null, null}', null, NULL, '[2021-04-20,)', NULL, NULL, NULL),
    ('340ee492-a1bc-11eb-b61c-1f12b0e92e58', 'Pitkäniemen päiväkoti', '{CENTRE}', (SELECT id FROM care_area WHERE short_name = 'keskusta'), NULL, NULL, '2021-04-20 09:38:46.42075+00', '2021-05-07 03:22:14.665731+00', NULL, '2021-04-20', NULL, NULL, NULL, NULL, NULL, false, 0, '', '', '', '', 'Pitkäniementie 6', '37100', 'NOKIA', 'Pitkäniementie 6', '(23.58132,61.48355)', NULL, '37100', 'NOKIA', false, 'PRIVATE_SERVICE_VOUCHER', 'fi', false, NULL, NULL, '{"(06:00,18:00)","(06:00,18:00)","(06:00,18:00)","(06:00,18:00)","(06:00,18:00)", null, null}', null, NULL, '[2021-04-20,)', NULL, NULL, NULL),
    ('340ee5aa-a1bc-11eb-b61e-772ce9c174c0', 'Sunshine Pyynikki', '{CENTRE}', (SELECT id FROM care_area WHERE short_name = 'keskusta'), NULL, NULL, '2021-04-20 09:38:46.42075+00', '2021-05-07 03:22:14.665731+00', NULL, '2021-04-20', NULL, NULL, NULL, NULL, NULL, false, 0, '', '', '', '', 'Pirkankatu 9', '33230', 'TAMPERE', 'Pirkankatu 9', '(23.73775,61.49813)', NULL, '33230', 'TAMPERE', false, 'PRIVATE_SERVICE_VOUCHER', 'fi', false, NULL, NULL, '{"(06:00,18:00)","(06:00,18:00)","(06:00,18:00)","(06:00,18:00)","(06:00,18:00)", null, null}', null, NULL, '[2021-04-20,)', NULL, NULL, NULL),
    ('340ee636-a1bc-11eb-b61f-6ba110e19a47', 'Sunshine Sorsapuisto', '{CENTRE}', (SELECT id FROM care_area WHERE short_name = 'keskusta'), NULL, NULL, '2021-04-20 09:38:46.42075+00', '2021-05-07 03:22:14.665731+00', NULL, '2021-04-20', NULL, NULL, NULL, NULL, NULL, false, 0, '', '', '', '', 'Lähteenkatu 2', '33500', 'TAMPERE', 'Lähteenkatu 2', '(23.78064,61.49813)', NULL, '33500', 'TAMPERE', false, 'PRIVATE_SERVICE_VOUCHER', 'fi', false, NULL, NULL, '{"(06:00,18:00)","(06:00,18:00)","(06:00,18:00)","(06:00,18:00)","(06:00,18:00)", null, null}', null, NULL, '[2021-04-20,)', NULL, NULL, NULL),
    ('340ef4aa-a1bc-11eb-b625-07189dae29ea', 'Touhula SatuVekara', '{CENTRE}', (SELECT id FROM care_area WHERE short_name = 'keskusta'), NULL, NULL, '2021-04-20 09:38:46.42075+00', '2021-05-07 03:22:14.665731+00', NULL, '2021-04-20', NULL, NULL, NULL, NULL, NULL, false, 0, '', '', '', '', 'Mustarastaantie 2', '39160', 'JULKUJÄRVI', 'Mustarastaantie 2', '(23.52937,61.57425)', NULL, '39160', 'JULKUJÄRVI', false, 'PRIVATE_SERVICE_VOUCHER', 'fi', false, NULL, NULL, '{"(06:00,18:00)","(06:00,18:00)","(06:00,18:00)","(06:00,18:00)","(06:00,18:00)", null, null}', null, NULL, '[2021-04-20,)', NULL, NULL, NULL),
    ('340ef536-a1bc-11eb-b626-0360a3b3213b', 'Touhula Saukonmäki', '{CENTRE}', (SELECT id FROM care_area WHERE short_name = 'keskusta'), NULL, NULL, '2021-04-20 09:38:46.42075+00', '2021-05-07 03:22:14.665731+00', NULL, '2021-04-20', NULL, NULL, NULL, NULL, NULL, false, 0, '', '', '', '', 'Vainiokatu 2', '33500', 'TAMPERE', 'Vainiokatu 2', '(23.78783,61.50492)', NULL, '33500', 'TAMPERE', false, 'PRIVATE_SERVICE_VOUCHER', 'fi', false, NULL, NULL, '{"(06:00,18:00)","(06:00,18:00)","(06:00,18:00)","(06:00,18:00)","(06:00,18:00)", null, null}', null, NULL, '[2021-04-20,)', NULL, NULL, NULL),
    ('340ef5b8-a1bc-11eb-b627-6bdd4b3efa81', 'Touhula Star Academy, Tampere', '{CENTRE}', (SELECT id FROM care_area WHERE short_name = 'keskusta'), NULL, NULL, '2021-04-20 09:38:46.42075+00', '2021-05-07 03:22:14.665731+00', NULL, '2021-04-20', NULL, NULL, NULL, NULL, NULL, false, 0, '', '', '', '', 'Pirkankatu 16', '33230', 'TAMPERE', 'Pirkankatu 16', '(23.73961,61.49823)', NULL, '33230', 'TAMPERE', false, 'PRIVATE_SERVICE_VOUCHER', 'fi', false, NULL, NULL, '{"(06:00,18:00)","(06:00,18:00)","(06:00,18:00)","(06:00,18:00)","(06:00,18:00)", null, null}', null, NULL, '[2021-04-20,)', NULL, NULL, NULL),
    ('340ef644-a1bc-11eb-b628-8fee89b6f3a2', 'Touhula Touhukas', '{CENTRE}', (SELECT id FROM care_area WHERE short_name = 'keskusta'), NULL, NULL, '2021-04-20 09:38:46.42075+00', '2021-05-07 03:22:14.665731+00', NULL, '2021-04-20', NULL, NULL, NULL, NULL, NULL, false, 0, '', '', '', '', 'Orelinkatu 55', '37120', 'NOKIA', 'Orelinkatu 55', '(23.49135,61.46535)', NULL, '37120', 'NOKIA', false, 'PRIVATE_SERVICE_VOUCHER', 'fi', false, NULL, NULL, '{"(06:00,18:00)","(06:00,18:00)","(06:00,18:00)","(06:00,18:00)","(06:00,18:00)", null, null}', null, NULL, '[2021-04-20,)', NULL, NULL, NULL),
    ('340ef6d0-a1bc-11eb-b629-fb17475ac9fd', 'Touhula VekaraMetsä', '{CENTRE}', (SELECT id FROM care_area WHERE short_name = 'keskusta'), NULL, NULL, '2021-04-20 09:38:46.42075+00', '2021-05-07 03:22:14.665731+00', NULL, '2021-04-20', NULL, NULL, NULL, NULL, NULL, false, 0, '', '', '', '', 'Työväentalontie 22', '33470', 'YLÖJÄRVI', 'Työväentalontie 22', NULL, NULL, '33470', 'YLÖJÄRVI', false, 'PRIVATE_SERVICE_VOUCHER', 'fi', false, NULL, NULL, '{"(06:00,18:00)","(06:00,18:00)","(06:00,18:00)","(06:00,18:00)","(06:00,18:00)", null, null}', null, NULL, '[2021-04-20,)', NULL, NULL, NULL),
    ('340ef752-a1bc-11eb-b62a-ff11a3b42ee3', 'Touhula VekaraPolku', '{CENTRE}', (SELECT id FROM care_area WHERE short_name = 'keskusta'), NULL, NULL, '2021-04-20 09:38:46.42075+00', '2021-05-07 03:22:14.665731+00', NULL, '2021-04-20', NULL, NULL, NULL, NULL, NULL, false, 0, '', '', '', '', 'Lentävänniemenkatu 2 F', '33410', 'TAMPERE', 'Lentävänniemenkatu 2 F', '(23.70069,61.52724)', NULL, '33410', 'TAMPERE', false, 'PRIVATE_SERVICE_VOUCHER', 'fi', false, NULL, NULL, '{"(06:00,18:00)","(06:00,18:00)","(06:00,18:00)","(06:00,18:00)","(06:00,18:00)", null, null}', null, NULL, '[2021-04-20,)', NULL, NULL, NULL),
    ('340ef7d4-a1bc-11eb-b62b-1bc2d4a19246', 'Touhula Ylöjärvi', '{CENTRE}', (SELECT id FROM care_area WHERE short_name = 'keskusta'), NULL, NULL, '2021-04-20 09:38:46.42075+00', '2021-05-07 03:22:14.665731+00', NULL, '2021-04-20', NULL, NULL, NULL, NULL, NULL, false, 0, '', '', '', '', 'Kortteentie 20', '33470', 'YLÖJÄRVI', 'Kortteentie 20', '(23.56885,61.56923)', NULL, '33470', 'YLÖJÄRVI', false, 'PRIVATE_SERVICE_VOUCHER', 'fi', false, NULL, NULL, '{"(06:00,18:00)","(06:00,18:00)","(06:00,18:00)","(06:00,18:00)","(06:00,18:00)", null, null}', null, NULL, '[2021-04-20,)', NULL, NULL, NULL),
    ('340ef860-a1bc-11eb-b62c-57695496fead', 'Väripilkku', '{CENTRE}', (SELECT id FROM care_area WHERE short_name = 'keskusta'), NULL, NULL, '2021-04-20 09:38:46.42075+00', '2021-05-07 03:22:14.665731+00', NULL, '2021-04-20', NULL, NULL, NULL, NULL, NULL, false, 0, '', '', '', '', 'Wintterinraitti 1', '33270', 'TAMPERE', 'Winterinraitti 1', '(23.65642,61.50518)', NULL, '33270', 'TAMPERE', false, 'PRIVATE_SERVICE_VOUCHER', 'fi', false, NULL, NULL, '{"(06:00,18:00)","(06:00,18:00)","(06:00,18:00)","(06:00,18:00)","(06:00,18:00)", null, null}', null, NULL, '[2021-04-20,)', NULL, NULL, NULL),
    ('3f669218-a1bc-11eb-b66e-9b8920ac31fd', 'Norlandia Voitto', '{CENTRE}', (SELECT id FROM care_area WHERE short_name = 'kastelli'), NULL, NULL, '2021-04-20 09:39:05.452581+00', '2021-05-07 03:22:14.665731+00', NULL, '2021-04-20', NULL, NULL, NULL, NULL, NULL, false, 0, '', '', '', '', 'Kuntokatu 7', '33520', 'TAMPERE', 'Kuntokatu 7', '(23.80803,61.50811)', NULL, '33520', 'TAMPERE', false, 'PRIVATE_SERVICE_VOUCHER', 'fi', false, NULL, NULL, '{"(06:00,18:00)","(06:00,18:00)","(06:00,18:00)","(06:00,18:00)","(06:00,18:00)", null, null}', null, NULL, '[2021-04-20,)', NULL, NULL, NULL),
    ('3f66867e-a1bc-11eb-b65d-073ff6d7eb45', 'Hiidenkivi', '{CENTRE}', (SELECT id FROM care_area WHERE short_name = 'kastelli'), NULL, NULL, '2021-04-20 09:39:05.452581+00', '2021-05-12 07:24:54.381165+00', NULL, '2021-04-20', NULL, NULL, NULL, NULL, NULL, false, 0, '', '', '', '', 'Nivarinkatu 8', '33610', 'TAMPERE', NULL, '(23.94937,61.52403)', '', '33610', 'TAMPERE', false, 'PRIVATE_SERVICE_VOUCHER', 'fi', false, '', '', '{"(06:00,18:00)","(06:00,18:00)","(06:00,18:00)","(06:00,18:00)","(06:00,18:00)", null, null}', null, false, '[2021-04-20,)', NULL, NULL, NULL),
    ('3f669330-a1bc-11eb-b670-df094dfff829', 'Oravametsä Atala', '{CENTRE}', (SELECT id FROM care_area WHERE short_name = 'kastelli'), NULL, NULL, '2021-04-20 09:39:05.452581+00', '2021-05-07 03:22:14.665731+00', NULL, '2021-04-20', NULL, NULL, NULL, NULL, NULL, false, 0, '', '', '', '', 'Atanväylä 7', '33580', 'TAMPERE', 'Atanväylä 7', '(23.90693,61.50428)', NULL, '33580', 'TAMPERE', false, 'PRIVATE_SERVICE_VOUCHER', 'fi', false, NULL, NULL, '{"(06:00,18:00)","(06:00,18:00)","(06:00,18:00)","(06:00,18:00)","(06:00,18:00)", null, null}', null, NULL, '[2021-04-20,)', NULL, NULL, NULL),
    ('3f6693b2-a1bc-11eb-b671-3f03dab16f18', 'Oravametsä Iidesranta', '{CENTRE}', (SELECT id FROM care_area WHERE short_name = 'kastelli'), NULL, NULL, '2021-04-20 09:39:05.452581+00', '2021-05-07 03:22:14.665731+00', NULL, '2021-04-20', NULL, NULL, NULL, NULL, NULL, false, 0, '', '', '', '', 'Iidesranta 5', '33100', 'TAMPERE', 'Iidesranta 5', '(23.78363,61.4908)', NULL, '33100', 'TAMPERE', false, 'PRIVATE_SERVICE_VOUCHER', 'fi', false, NULL, NULL, '{"(06:00,18:00)","(06:00,18:00)","(06:00,18:00)","(06:00,18:00)","(06:00,18:00)", null, null}', null, NULL, '[2021-04-20,)', NULL, NULL, NULL),
    ('3f66943e-a1bc-11eb-b672-27e7d2eb1a90', 'Oravametsä Kumpula', '{CENTRE}', (SELECT id FROM care_area WHERE short_name = 'kastelli'), NULL, NULL, '2021-04-20 09:39:05.452581+00', '2021-05-07 03:22:14.665731+00', NULL, '2021-04-20', NULL, NULL, NULL, NULL, NULL, false, 0, '', '', '', '', 'Kepinojankatu 9 A', '33610', 'TAMPERE', 'Kepinojankatu 9 A', '(23.92144,61.51032)', NULL, '33610', 'TAMPERE', false, 'PRIVATE_SERVICE_VOUCHER', 'fi', false, NULL, NULL, '{"(06:00,18:00)","(06:00,18:00)","(06:00,18:00)","(06:00,18:00)","(06:00,18:00)", null, null}', null, NULL, '[2021-04-20,)', NULL, NULL, NULL),
    ('3f669664-a1bc-11eb-b676-733af2b8be63', 'Pikku Tutkijan Päiväkoti Ranta-Koivisto', '{CENTRE}', (SELECT id FROM care_area WHERE short_name = 'kastelli'), NULL, NULL, '2021-04-20 09:39:05.452581+00', '2021-05-07 03:22:14.665731+00', NULL, '2021-04-20', NULL, NULL, NULL, NULL, NULL, false, 0, '', '', '', '', 'Ketarantie 4', '33680', 'TAMPERE', 'Ketarantie 4', '(23.93963,61.53503)', NULL, '33680', 'TAMPERE', false, 'PRIVATE_SERVICE_VOUCHER', 'fi', false, NULL, NULL, '{"(06:00,18:00)","(06:00,18:00)","(06:00,18:00)","(06:00,18:00)","(06:00,18:00)", null, null}', null, NULL, '[2021-04-20,)', NULL, NULL, NULL),
    ('3f6696e6-a1bc-11eb-b677-03f068abb555', 'Pikkupursi', '{CENTRE}', (SELECT id FROM care_area WHERE short_name = 'kastelli'), NULL, NULL, '2021-04-20 09:39:05.452581+00', '2021-05-07 03:22:14.665731+00', NULL, '2021-04-20', NULL, NULL, NULL, NULL, NULL, false, 0, '', '', '', '', 'Rantakoivistontie 3', '36200', 'KANGASALA', 'Rantakoivistontie 3', '(24.03655,61.45781)', NULL, '36200', 'KANGASALA', false, 'PRIVATE_SERVICE_VOUCHER', 'fi', false, NULL, NULL, '{"(06:00,18:00)","(06:00,18:00)","(06:00,18:00)","(06:00,18:00)","(06:00,18:00)", null, null}', null, NULL, '[2021-04-20,)', NULL, NULL, NULL),
    ('3f669772-a1bc-11eb-b678-831384f512b8', 'Pilke Kangasalan Enkku', '{CENTRE}', (SELECT id FROM care_area WHERE short_name = 'kastelli'), NULL, NULL, '2021-04-20 09:39:05.452581+00', '2021-05-07 03:22:14.665731+00', NULL, '2021-04-20', NULL, NULL, NULL, NULL, NULL, false, 0, '', '', '', '', 'Pikonlinnantie 240', '36280', 'PIKONLINNA', 'Pikonlinnantie 240', '(24.08668,61.49226)', NULL, '36280', 'PIKONLINNA', false, 'PRIVATE_SERVICE_VOUCHER', 'fi', false, NULL, NULL, '{"(06:00,18:00)","(06:00,18:00)","(06:00,18:00)","(06:00,18:00)","(06:00,18:00)", null, null}', null, NULL, '[2021-04-20,)', NULL, NULL, NULL),
    ('3f6697f4-a1bc-11eb-b679-77284b5ecad1', 'Pilke Kannel', '{CENTRE}', (SELECT id FROM care_area WHERE short_name = 'kastelli'), NULL, NULL, '2021-04-20 09:39:05.452581+00', '2021-05-07 03:22:14.665731+00', NULL, '2021-04-20', NULL, NULL, NULL, NULL, NULL, false, 0, '', '', '', '', 'Rataniityntie 4', '36240', 'KANGASALA', 'Rataniityntie 4', '(23.9374,61.48172)', NULL, '36240', 'KANGASALA', false, 'PRIVATE_SERVICE_VOUCHER', 'fi', false, NULL, NULL, '{"(06:00,18:00)","(06:00,18:00)","(06:00,18:00)","(06:00,18:00)","(06:00,18:00)", null, null}', null, NULL, '[2021-04-20,)', NULL, NULL, NULL),
    ('3f669ace-a1bc-11eb-b67d-2b82668ce31c', 'Steinerpäiväkoti Teeri', '{CENTRE}', (SELECT id FROM care_area WHERE short_name = 'kastelli'), NULL, NULL, '2021-04-20 09:39:05.452581+00', '2021-05-07 03:22:14.665731+00', NULL, '2021-04-20', NULL, NULL, NULL, NULL, NULL, false, 0, '', '', '', '', 'Jukolankatu 2 D 28', '33560', 'TAMPERE', 'Jukolankatu 2 D 28', '(23.84135,61.49505)', NULL, '33560', 'TAMPERE', false, 'PRIVATE_SERVICE_VOUCHER', 'fi', false, NULL, NULL, '{"(06:00,18:00)","(06:00,18:00)","(06:00,18:00)","(06:00,18:00)","(06:00,18:00)", null, null}', null, NULL, '[2021-04-20,)', NULL, NULL, NULL),
    ('3f669cfe-a1bc-11eb-b681-8341342c465c', 'Touhula Freesia', '{CENTRE}', (SELECT id FROM care_area WHERE short_name = 'kastelli'), NULL, NULL, '2021-04-20 09:39:05.452581+00', '2021-05-07 03:22:14.665731+00', NULL, '2021-04-20', NULL, NULL, NULL, NULL, NULL, false, 0, '', '', '', '', 'Torikatu 2', '36200', 'KANGASALA', 'Torikatu 2', '(24.07448,61.46293)', NULL, '36200', 'KANGASALA', false, 'PRIVATE_SERVICE_VOUCHER', 'fi', false, NULL, NULL, '{"(06:00,18:00)","(06:00,18:00)","(06:00,18:00)","(06:00,18:00)","(06:00,18:00)", null, null}', null, NULL, '[2021-04-20,)', NULL, NULL, NULL),
    ('3f669e0c-a1bc-11eb-b683-b7a12c7c34d6', 'Touhula Kangasala', '{CENTRE}', (SELECT id FROM care_area WHERE short_name = 'kastelli'), NULL, NULL, '2021-04-20 09:39:05.452581+00', '2021-05-07 03:22:14.665731+00', NULL, '2021-04-20', NULL, NULL, NULL, NULL, NULL, false, 0, '', '', '', '', 'Ilkontie 3', '36240', 'KANGASALA', 'Ilkontie 3', '(23.9616,61.4724)', NULL, '36240', 'KANGASALA', false, 'PRIVATE_SERVICE_VOUCHER', 'fi', false, NULL, NULL, '{"(06:00,18:00)","(06:00,18:00)","(06:00,18:00)","(06:00,18:00)","(06:00,18:00)", null, null}', null, NULL, '[2021-04-20,)', NULL, NULL, NULL),
    ('3f669e8e-a1bc-11eb-b684-1b6c50ee8afd', 'Touhula VekaraMäki', '{CENTRE}', (SELECT id FROM care_area WHERE short_name = 'kastelli'), NULL, NULL, '2021-04-20 09:39:05.452581+00', '2021-05-07 03:22:14.665731+00', NULL, '2021-04-20', NULL, NULL, NULL, NULL, NULL, false, 0, '', '', '', '', 'Mäntyveräjäntie 2', '36200', 'KANGASALA', 'Mäntyveräjäntie 2', '(24.04888,61.47193)', NULL, '36200', 'KANGASALA', false, 'PRIVATE_SERVICE_VOUCHER', 'fi', false, NULL, NULL, '{"(06:00,18:00)","(06:00,18:00)","(06:00,18:00)","(06:00,18:00)","(06:00,18:00)", null, null}', null, NULL, '[2021-04-20,)', NULL, NULL, NULL),
    ('49c594fc-a1bc-11eb-b6bd-b33d3147f79c', 'Kotipehku', '{CENTRE}', (SELECT id FROM care_area WHERE short_name = 'kiiminki'), NULL, NULL, '2021-04-20 09:39:22.852608+00', '2021-05-07 03:22:14.665731+00', NULL, '2021-04-20', NULL, NULL, NULL, NULL, NULL, false, 0, '', '', '', '', 'Katajikonkatu 1', '33820', 'TAMPERE', 'Katajikonkatu 1', '(23.82023,61.46492)', NULL, '33820', 'TAMPERE', false, 'PRIVATE_SERVICE_VOUCHER', 'fi', false, NULL, NULL, '{"(06:00,18:00)","(06:00,18:00)","(06:00,18:00)","(06:00,18:00)","(06:00,18:00)", null, null}', null, NULL, '[2021-04-20,)', NULL, NULL, NULL),
    ('49c59aa6-a1bc-11eb-b6c3-834d6149e096', 'MLL / Pirkkala Pereenkulma', '{CLUB}', (SELECT id FROM care_area WHERE short_name = 'kiiminki'), NULL, NULL, '2021-04-20 09:39:22.852608+00', '2021-05-07 03:22:14.665731+00', NULL, '2021-04-20', NULL, NULL, NULL, NULL, NULL, false, 0, '', '', '', '', 'Selininranta 2', '33950', 'PIRKKALA', 'Selininranta 2', '(23.70862,61.47737)', NULL, '33950', 'PIRKKALA', false, 'PRIVATE_SERVICE_VOUCHER', 'fi', false, NULL, NULL, '{"(06:00,18:00)","(06:00,18:00)","(06:00,18:00)","(06:00,18:00)","(06:00,18:00)", null, null}', null, NULL, NULL, NULL, '[2021-04-20,)', NULL),
    ('49c59dbc-a1bc-11eb-b6c7-93d138161eb4', 'Nappula-aron päiväkoti, Verkanappulat', '{CENTRE}', (SELECT id FROM care_area WHERE short_name = 'kiiminki'), NULL, NULL, '2021-04-20 09:39:22.852608+00', '2021-05-07 03:22:14.665731+00', NULL, '2021-04-20', NULL, NULL, NULL, NULL, NULL, false, 0, '', '', '', '', 'Haljastentie 5', '37500', 'LEMPÄÄLÄ', NULL, '(23.74733,61.30743)', NULL, '37500', 'LEMPÄÄLÄ', false, 'PRIVATE_SERVICE_VOUCHER', 'fi', false, NULL, NULL, '{"(06:00,18:00)","(06:00,18:00)","(06:00,18:00)","(06:00,18:00)","(06:00,18:00)", null, null}', null, NULL, '[2021-04-20,)', NULL, NULL, NULL),
    ('49c59e66-a1bc-11eb-b6c8-23d70833eae8', 'Norlandia Hilla', '{CENTRE}', (SELECT id FROM care_area WHERE short_name = 'kiiminki'), NULL, NULL, '2021-04-20 09:39:22.852608+00', '2021-05-07 03:22:14.665731+00', NULL, '2021-04-20', NULL, NULL, NULL, NULL, NULL, false, 0, '', '', '', '', 'Linnajärventie 2', '37560', 'LEMPÄÄLÄ', 'Linnajärventie 2', '(23.78124,61.38323)', NULL, '37560', 'LEMPÄÄLÄ', false, 'PRIVATE_SERVICE_VOUCHER', 'fi', false, NULL, NULL, '{"(06:00,18:00)","(06:00,18:00)","(06:00,18:00)","(06:00,18:00)","(06:00,18:00)", null, null}', null, NULL, '[2021-04-20,)', NULL, NULL, NULL),
    ('49c59f42-a1bc-11eb-b6c9-2370ebb50535', 'Norlandia Ideapark', '{CENTRE}', (SELECT id FROM care_area WHERE short_name = 'kiiminki'), NULL, NULL, '2021-04-20 09:39:22.852608+00', '2021-05-07 03:22:14.665731+00', NULL, '2021-04-20', NULL, NULL, NULL, NULL, NULL, false, 0, '', '', '', '', 'Ideaparkinkatu 4', '37570', 'LEMPÄÄLÄ', 'Ideaparkinkatu 4', '(23.79524,61.36063)', NULL, '37570', 'LEMPÄÄLÄ', false, 'PRIVATE_SERVICE_VOUCHER', 'fi', false, NULL, NULL, '{"(06:00,18:00)","(06:00,18:00)","(06:00,18:00)","(06:00,18:00)","(06:00,18:00)", null, null}', null, NULL, '[2021-04-20,)', NULL, NULL, NULL),
    ('49c5a17c-a1bc-11eb-b6cd-7f08a0582653', 'Pikku Tutkijan Päiväkoti Annala', '{CENTRE}', (SELECT id FROM care_area WHERE short_name = 'kiiminki'), NULL, NULL, '2021-04-20 09:39:22.852608+00', '2021-05-07 03:22:14.665731+00', NULL, '2021-04-20', NULL, NULL, NULL, NULL, NULL, false, 0, '', '', '', '', 'Annalankatu 8', '33710', 'TAMPERE', 'Annalankatu 8', '(23.88621,61.46419)', NULL, '33710', 'TAMPERE', false, 'PRIVATE_SERVICE_VOUCHER', 'fi', false, NULL, NULL, '{"(06:00,18:00)","(06:00,18:00)","(06:00,18:00)","(06:00,18:00)","(06:00,18:00)", null, null}', null, NULL, '[2021-04-20,)', NULL, NULL, NULL),
    ('49c5a208-a1bc-11eb-b6ce-9f03c5328b31', 'Pilke Haikara', '{CENTRE}', (SELECT id FROM care_area WHERE short_name = 'kiiminki'), NULL, NULL, '2021-04-20 09:39:22.852608+00', '2021-05-07 03:22:14.665731+00', NULL, '2021-04-20', NULL, NULL, NULL, NULL, NULL, false, 0, '', '', '', '', 'Pereensaarentie 2', '33950', 'PIRKKALA', 'Pereensaarentie 2', '(23.7056,61.47715)', NULL, '33950', 'PIRKKALA', false, 'PRIVATE_SERVICE_VOUCHER', 'fi', false, NULL, NULL, '{"(06:00,18:00)","(06:00,18:00)","(06:00,18:00)","(06:00,18:00)","(06:00,18:00)", null, null}', null, NULL, '[2021-04-20,)', NULL, NULL, NULL),
    ('49c5a294-a1bc-11eb-b6cf-9b58d91ec33e', 'Pilke Hokaus', '{CENTRE}', (SELECT id FROM care_area WHERE short_name = 'kiiminki'), NULL, NULL, '2021-04-20 09:39:22.852608+00', '2021-05-07 03:22:14.665731+00', NULL, '2021-04-20', NULL, NULL, NULL, NULL, NULL, false, 0, '', '', '', '', 'Mäyrämäenkatu 2', '33870', 'TAMPERE', 'Mäyrämäenkatu 2', '(23.83242,61.43254)', NULL, '33870', 'TAMPERE', false, 'PRIVATE_SERVICE_VOUCHER', 'fi', false, NULL, NULL, '{"(06:00,18:00)","(06:00,18:00)","(06:00,18:00)","(06:00,18:00)","(06:00,18:00)", null, null}', null, NULL, '[2021-04-20,)', NULL, NULL, NULL),
    ('49c5a320-a1bc-11eb-b6d0-cbc94cdca895', 'Pilke Nuottisilta', '{CENTRE}', (SELECT id FROM care_area WHERE short_name = 'kiiminki'), NULL, NULL, '2021-04-20 09:39:22.852608+00', '2021-05-07 03:22:14.665731+00', NULL, '2021-04-20', NULL, NULL, NULL, NULL, NULL, false, 0, '', '', '', '', 'Annalankatu 13', '33710', 'TAMPERE', 'Annalankatu 13', '(23.88857,61.46208)', NULL, '33710', 'TAMPERE', false, 'PRIVATE_SERVICE_VOUCHER', 'fi', false, NULL, NULL, '{"(06:00,18:00)","(06:00,18:00)","(06:00,18:00)","(06:00,18:00)","(06:00,18:00)", null, null}', null, NULL, '[2021-04-20,)', NULL, NULL, NULL),
    ('49c5a3ac-a1bc-11eb-b6d1-372854c96ea0', 'Pilke Playschool Lempäälä', '{CENTRE}', (SELECT id FROM care_area WHERE short_name = 'kiiminki'), NULL, NULL, '2021-04-20 09:39:22.852608+00', '2021-05-07 03:22:14.665731+00', NULL, '2021-04-20', NULL, NULL, NULL, NULL, NULL, false, 0, '', '', '', '', 'Karhumäentie 7 b', '33880', 'LEMPÄÄLÄ', 'Karhumäentie 7 b', '(23.75588,61.41586)', NULL, '33880', 'LEMPÄÄLÄ', false, 'PRIVATE_SERVICE_VOUCHER', 'fi', false, NULL, NULL, '{"(06:00,18:00)","(06:00,18:00)","(06:00,18:00)","(06:00,18:00)","(06:00,18:00)", null, null}', null, NULL, '[2021-04-20,)', NULL, NULL, NULL),
    ('49c5a546-a1bc-11eb-b6d4-4f037962987a', 'Sinilintu', '{CENTRE}', (SELECT id FROM care_area WHERE short_name = 'kiiminki'), NULL, NULL, '2021-04-20 09:39:22.852608+00', '2021-05-07 03:22:14.665731+00', NULL, '2021-04-20', NULL, NULL, NULL, NULL, NULL, false, 0, '', '', '', '', 'Muotialantie 77', '33800', 'TAMPERE', 'Muotialantie 77', '(23.82373,61.47821)', NULL, '33800', 'TAMPERE', false, 'PRIVATE_SERVICE_VOUCHER', 'fi', false, NULL, NULL,'{"(06:00,18:00)","(06:00,18:00)","(06:00,18:00)","(06:00,18:00)","(06:00,18:00)", null, null}', null,  NULL, '[2021-04-20,)', NULL, NULL, NULL),
    ('49c5a5d2-a1bc-11eb-b6d5-0f7457aad578', 'Sunshine Hervanta', '{CENTRE}', (SELECT id FROM care_area WHERE short_name = 'kiiminki'), NULL, NULL, '2021-04-20 09:39:22.852608+00', '2021-05-07 03:22:14.665731+00', NULL, '2021-04-20', NULL, NULL, NULL, NULL, NULL, false, 0, '', '', '', '', 'Sähkökatu 4', '33720', 'TAMPERE', 'Sähkökatu 4', '(23.84716,61.44576)', NULL, '33720', 'TAMPERE', false, 'PRIVATE_SERVICE_VOUCHER', 'fi', false, NULL, NULL,'{"(06:00,18:00)","(06:00,18:00)","(06:00,18:00)","(06:00,18:00)","(06:00,18:00)", null, null}', null,  NULL, '[2021-04-20,)', NULL, NULL, NULL),
    ('49c5a73a-a1bc-11eb-b6d7-638f39d6710f', 'Touhula Hermion', '{CENTRE}', (SELECT id FROM care_area WHERE short_name = 'kiiminki'), NULL, NULL, '2021-04-20 09:39:22.852608+00', '2021-05-07 03:22:14.665731+00', NULL, '2021-04-20', NULL, NULL, NULL, NULL, NULL, false, 0, '', '', '', '', 'Kemianraitti 3', '33720', 'TAMPERE', 'Kemianraitti 3', '(23.84007,61.44595)', NULL, '33720', 'TAMPERE', false, 'PRIVATE_SERVICE_VOUCHER', 'fi', false, NULL, NULL,'{"(06:00,18:00)","(06:00,18:00)","(06:00,18:00)","(06:00,18:00)","(06:00,18:00)", null, null}', null,  NULL, '[2021-04-20,)', NULL, NULL, NULL),
    ('49c5a7c6-a1bc-11eb-b6d8-63841e30de8a', 'Touhula Hervannan Kampus', '{CENTRE}', (SELECT id FROM care_area WHERE short_name = 'kiiminki'), NULL, NULL, '2021-04-20 09:39:22.852608+00', '2021-05-07 03:22:14.665731+00', NULL, '2021-04-20', NULL, NULL, NULL, NULL, NULL, false, 0, '', '', '', '', 'Hermiankatu 5', '33720', 'TAMPERE', 'Hermiankatu 5', '(23.85953,61.44803)', NULL, '33720', 'TAMPERE', false, 'PRIVATE_SERVICE_VOUCHER', 'fi', false, NULL, NULL,'{"(06:00,18:00)","(06:00,18:00)","(06:00,18:00)","(06:00,18:00)","(06:00,18:00)", null, null}', null,  NULL, '[2021-04-20,)', NULL, NULL, NULL),
    ('49c5a852-a1bc-11eb-b6d9-fbb331d07ac6', 'Touhula Hervannan Wäiski', '{CENTRE}', (SELECT id FROM care_area WHERE short_name = 'kiiminki'), NULL, NULL, '2021-04-20 09:39:22.852608+00', '2021-05-07 03:22:14.665731+00', NULL, '2021-04-20', NULL, NULL, NULL, NULL, NULL, false, 0, '', '', '', '', 'Orivedenkatu 5', '33720', 'TAMPERE', 'Orivedenkatu 5', '(23.84454,61.45429)', NULL, '33720', 'TAMPERE', false, 'PRIVATE_SERVICE_VOUCHER', 'fi', false, NULL, NULL,'{"(06:00,18:00)","(06:00,18:00)","(06:00,18:00)","(06:00,18:00)","(06:00,18:00)", null, null}', null,  NULL, '[2021-04-20,)', NULL, NULL, NULL),
    ('49c5a8d4-a1bc-11eb-b6da-87a15eadd557', 'Touhula TemppuVekara', '{CENTRE}', (SELECT id FROM care_area WHERE short_name = 'kiiminki'), NULL, NULL, '2021-04-20 09:39:22.852608+00', '2021-05-07 03:22:14.665731+00', NULL, '2021-04-20', NULL, NULL, NULL, NULL, NULL, false, 0, '', '', '', '', 'Lehtimäentie 5', '33960', 'PIRKKALA', 'Lehtimäentie 5', '(23.62162,61.46544)', NULL, '33960', 'PIRKKALA', false, 'PRIVATE_SERVICE_VOUCHER', 'fi', false, NULL, NULL,'{"(06:00,18:00)","(06:00,18:00)","(06:00,18:00)","(06:00,18:00)","(06:00,18:00)", null, null}', null,  NULL, '[2021-04-20,)', NULL, NULL, NULL),
    ('49c5aa00-a1bc-11eb-b6dc-a399fb930c3a', 'Vaskitähti', '{CENTRE}', (SELECT id FROM care_area WHERE short_name = 'kiiminki'), NULL, NULL, '2021-04-20 09:39:22.852608+00', '2021-05-07 03:22:14.665731+00', NULL, '2021-04-20', NULL, NULL, NULL, NULL, NULL, false, 0, '', '', '', '', 'Hatanpään puistokuja 22', '33900', 'TAMPERE', 'Hatanpään puistokuja 22', '(23.75778,61.48272)', NULL, '33900', 'TAMPERE', false, 'PRIVATE_SERVICE_VOUCHER', 'fi', false, NULL, NULL,'{"(06:00,18:00)","(06:00,18:00)","(06:00,18:00)","(06:00,18:00)","(06:00,18:00)", null, null}', null,  NULL, '[2021-04-20,)', NULL, NULL, NULL),
    ('8e0d59fa-b248-11eb-8a48-633e18d87025', 'Päiväkoti Pikkuväki', '{CENTRE}', (SELECT id FROM care_area WHERE short_name = 'kastelli'), NULL, NULL, '2021-05-11 11:03:45.555006+00', '2021-05-11 11:03:45.555006+00', NULL, '2021-05-11', NULL, NULL, NULL, NULL, NULL, false, 0, '', '', '', '', 'Lintukalliontie 2', '33500', 'Tampere', NULL, '(23.9424,61.5376)', '', NULL, NULL, false, 'PRIVATE', 'fi', false, '', '','{"(06:00,18:00)","(06:00,18:00)","(06:00,18:00)","(06:00,18:00)","(06:00,18:00)", null, null}', null,  false, NULL, NULL, NULL, NULL),
    ('2552a700-b246-11eb-ad68-77cb3d9fd2ea', 'Liikuntapäiväkoti Onnelit', '{CENTRE}', (SELECT id FROM care_area WHERE short_name = 'keskusta'), NULL, NULL, '2021-05-11 10:46:30.854198+00', '2021-05-11 11:05:32.548646+00', NULL, '2021-05-11', NULL, NULL, NULL, NULL, NULL, false, 0, '', '', '', '', 'Ylöjärventie 41', '33420', 'Tampere', 'Ylöjärventie 41', '(23.63676,61.52223)', '', '33420', 'Tampere', false, 'PRIVATE', 'fi', false, '', '','{"(06:00,18:00)","(06:00,18:00)","(06:00,18:00)","(06:00,18:00)","(06:00,18:00)", null, null}', null,  false, NULL, NULL, NULL, NULL),
    ('5ee1c818-b249-11eb-8a4a-633249812a18', 'Päiväkoti Pihlaja', '{CENTRE}', (SELECT id FROM care_area WHERE short_name = 'kiiminki'), NULL, NULL, '2021-05-11 11:09:35.913868+00', '2021-05-11 11:09:35.913868+00', NULL, '2021-05-11', NULL, NULL, NULL, NULL, NULL, false, 0, '', '', '', '', 'Vihilahdenkatu 5', '33820', 'Tampere', NULL, '(23.76222,61.47867)', '', NULL, NULL, false, 'PRIVATE', 'fi', false, '', '','{"(06:00,18:00)","(06:00,18:00)","(06:00,18:00)","(06:00,18:00)","(06:00,18:00)", null, null}', null,  false, NULL, NULL, NULL, NULL),
    ('4a892f58-b24b-11eb-8fd6-1bdcc478fcd0', 'Touhula Ipanala', '{CENTRE}', (SELECT id FROM care_area WHERE short_name = 'keskusta'), NULL, NULL, '2021-05-11 11:23:20.771342+00', '2021-05-11 11:23:20.771342+00', NULL, '2021-05-11', NULL, NULL, NULL, NULL, NULL, false, 0, '', '', '', '', 'Verstaankatu 3', '33100', 'Tampere', NULL, '(23.76121,61.50414)', '', NULL, NULL, false, 'PRIVATE', 'fi', false, '', '','{"(06:00,18:00)","(06:00,18:00)","(06:00,18:00)","(06:00,18:00)","(06:00,18:00)", null, null}', null,  false, NULL, NULL, NULL, NULL),
    ('219492ca-b24d-11eb-bafe-37035d9c9075', 'Soilikin lastentarha', '{CENTRE}', (SELECT id FROM care_area WHERE short_name = 'keskusta'), NULL, NULL, '2021-05-11 11:36:31.053001+00', '2021-05-11 11:36:31.053001+00', NULL, '2021-05-11', NULL, NULL, NULL, NULL, NULL, false, 0, '', '', '', '', 'Väinölänkatu 26', '33500', 'Tampere', NULL, '(23.78945,61.502)', '', NULL, NULL, false, 'PRIVATE', 'fi', false, '', '','{"(06:00,18:00)","(06:00,18:00)","(06:00,18:00)","(06:00,18:00)","(06:00,18:00)", null, null}', null,  false, NULL, NULL, NULL, NULL),
    ('b4401bec-b24a-11eb-99d9-0f27ad406c78', 'Kiekkari', '{CENTRE}', (SELECT id FROM care_area WHERE short_name = 'keskusta'), NULL, NULL, '2021-05-11 11:19:08.634443+00', '2021-05-12 07:11:14.518713+00', NULL, '2021-05-11', NULL, NULL, NULL, NULL, NULL, false, 0, '', '', '', '', 'Pyynikintori 4-6', '33230', 'Tampere', NULL, '(23.74258,61.49696)', '', NULL, NULL, false, 'PRIVATE', 'fi', false, '', '','{"(06:00,18:00)","(06:00,18:00)","(06:00,18:00)","(06:00,18:00)","(06:00,18:00)", null, null}', null,  false, NULL, NULL, NULL, NULL),
    ('206cbb96-b24a-11eb-8a4c-f72c88fdf3b1', 'Enkku - The English School of Tampere', '{CENTRE}', (SELECT id FROM care_area WHERE short_name = 'keskusta'), NULL, NULL, '2021-05-11 11:15:00.624793+00', '2021-05-12 07:20:45.843207+00', NULL, '2021-05-11', NULL, NULL, NULL, NULL, NULL, false, 0, '', '', '', '', 'Amurinkuja 2 B', '33230', 'Tampere', NULL, '(23.74533,61.49882)', '', NULL, NULL, false, 'PRIVATE', 'fi', false, '', '', '{"(06:00,18:00)","(06:00,18:00)","(06:00,18:00)","(06:00,18:00)","(06:00,18:00)", null, null}', null, false, NULL, NULL, NULL, NULL);

UPDATE daycare SET enabled_pilot_features = enum_range(null::pilot_feature);

INSERT INTO daycare_group (daycare_id, name, start_date, end_date)
SELECT id, 'Ryhmä ' || r, opening_date, COALESCE(closing_date, NULL)
FROM daycare CROSS JOIN generate_series(1, 3) AS r;

INSERT INTO employee (id, first_name, last_name, email, external_id, roles, active) VALUES
    ('00000000-0000-4000-4000-000000000001', 'Päivi', 'Pääkäyttäjä', 'paivi.paakayttaja@ouka.fi', 'oulu-ad:00000000-0000-4000-4000-000000000001', '{ADMIN, SERVICE_WORKER, FINANCE_ADMIN}'::user_role[], true),
    ('00000000-0000-4000-4001-000000000000', 'Paula', 'Palveluohjaaja', 'paula.palveluohjaaja@ouka.fi', 'oulu-ad:00000000-0000-4000-4001-000000000000', '{SERVICE_WORKER}'::user_role[], true),
    ('00000000-0000-4000-4002-000000000000', 'Lasse', 'Laskuttaja', 'lasse.laskuttaja@ouka.fi', 'oulu-ad:00000000-0000-4000-4002-000000000000', '{FINANCE_ADMIN}'::user_role[], true),
    ('00000000-0000-4000-4009-000000000001', 'Lassi', 'Ulkoistettu Laskuttaja', 'ulkoistettu.laskuttaja@espoo.fi', 'oulu-ad:00000000-0000-4000-4009-000000000001', '{FINANCE_STAFF}'::user_role[], true),
    ('00000000-0000-4000-4003-000000000000', 'Raisa', 'Raportoija', 'raisa.raportoija@ouka.fi', 'oulu-ad:00000000-0000-4000-4003-000000000000', '{DIRECTOR}'::user_role[], true);
INSERT INTO employee (id, first_name, last_name, email, external_id, active) VALUES
    ('00000000-0000-4000-8004-000000000000', 'Essi', 'Esimies', 'essi.esimies@ouka.fi', 'oulu-ad:00000000-0000-4000-8004-000000000000', true),
    ('00000000-0000-4000-8004-000000000001', 'Eemeli', 'Esimies', 'eemeli.esimies@ouka.fi', 'oulu-ad:00000000-0000-4000-8004-000000000001', true),
    ('00000000-0000-4000-8005-000000000000', 'Kaisa', 'Kasvattaja', 'kaisa.kasvattaja@ouka.fi', 'oulu-ad:00000000-0000-4000-8005-000000000000', true),
    ('00000000-0000-4000-8005-000000000001', 'Kalle', 'Kasvattaja', 'kalle.kasvattaja@ouka.fi', 'oulu-ad:00000000-0000-4000-8005-000000000001', true),
    ('00000000-0000-4000-8006-000000000000', 'Erkki', 'Erityisopettaja', 'erkki.erityisopettaja@ouka.fi', 'oulu-ad:00000000-0000-4000-8006-000000000000', true);
INSERT INTO employee (id, first_name, last_name, social_security_number, active) VALUES
    ('00000000-0000-4000-8007-000000000000', 'Hannele', 'Finström', '060195-966B', true);

INSERT INTO daycare_acl (daycare_id, employee_id, role) VALUES
    ('340ea27a-a1bc-11eb-b5d2-dfc0dc6d2fcb', '00000000-0000-4000-8004-000000000000', 'UNIT_SUPERVISOR'),
    ('3f667508-a1bc-11eb-b62e-9bdec02ff105', '00000000-0000-4000-8004-000000000000', 'UNIT_SUPERVISOR'),
    ('49c57f12-a1bc-11eb-b686-53a2520d8ee3', '00000000-0000-4000-8004-000000000001', 'UNIT_SUPERVISOR'),
    ('3f66844e-a1bc-11eb-b65b-87ccd093b485', '00000000-0000-4000-8004-000000000001', 'UNIT_SUPERVISOR'),
    ('340ed088-a1bc-11eb-b601-e3f8e80e9e6b', '00000000-0000-4000-8007-000000000000', 'UNIT_SUPERVISOR');

INSERT INTO daycare_acl (daycare_id, employee_id, role) VALUES
    ('340ea27a-a1bc-11eb-b5d2-dfc0dc6d2fcb', '00000000-0000-4000-8005-000000000000', 'STAFF'),
    ('3f667508-a1bc-11eb-b62e-9bdec02ff105', '00000000-0000-4000-8005-000000000000', 'STAFF'),
    ('49c57f12-a1bc-11eb-b686-53a2520d8ee3', '00000000-0000-4000-8005-000000000001', 'STAFF'),
    ('3f66844e-a1bc-11eb-b65b-87ccd093b485', '00000000-0000-4000-8005-000000000001', 'STAFF'),
    ('340ea27a-a1bc-11eb-b5d2-dfc0dc6d2fcb', '00000000-0000-4000-8006-000000000000', 'SPECIAL_EDUCATION_TEACHER'),
    ('3f667508-a1bc-11eb-b62e-9bdec02ff105', '00000000-0000-4000-8006-000000000000', 'SPECIAL_EDUCATION_TEACHER');

-- INSERT INTO message_account (daycare_group_id, person_id, employee_id) VALUES
-- (SELECT id FROM daycare_group, SELECT id FROM person, SELECT id FROM employee);

-- INSERT INTO message_account (person_id)
-- SELECT id FROM person;
--
-- INSERT INTO message_account (employee_id)
-- SELECT id FROM employee;

UPDATE fee_thresholds SET temporary_fee = 2900 WHERE temporary_fee IS NULL;
UPDATE fee_thresholds SET temporary_fee_part_day = 1500 WHERE temporary_fee_part_day IS NULL;
UPDATE fee_thresholds SET temporary_fee_sibling = 1500 WHERE temporary_fee_sibling IS NULL;
UPDATE fee_thresholds SET temporary_fee_sibling_part_day = 800 WHERE temporary_fee_sibling_part_day IS NULL;

INSERT INTO fee_thresholds (
    valid_during,
    min_income_threshold_2, min_income_threshold_3, min_income_threshold_4, min_income_threshold_5, min_income_threshold_6,
    income_multiplier_2, income_multiplier_3, income_multiplier_4, income_multiplier_5, income_multiplier_6,
    max_income_threshold_2, max_income_threshold_3, max_income_threshold_4, max_income_threshold_5, max_income_threshold_6,
    income_threshold_increase_6_plus,sibling_discount_2, sibling_discount_2_plus, max_fee, min_fee,
    temporary_fee, temporary_fee_part_day, temporary_fee_sibling, temporary_fee_sibling_part_day
) VALUES (
    daterange('2000-01-01', '2020-07-31', '[]'),
    210200, 271300, 308000, 344700, 381300,
    0.1070, 0.1070, 0.1070, 0.1070, 0.1070,
    479900, 541000, 577700, 614400, 651000,
    14200, 0.5, 0.8, 28900, 2700,
    2900, 1500, 1500, 800
),
(
    daterange('2020-08-01', NULL),
    213600, 275600, 312900, 350200, 387400,
    0.1070, 0.1070, 0.1070, 0.1070, 0.1070,
    482300, 544300, 581600, 618900, 656100,
    14200, 0.5, 0.8, 28800, 2700,
    2900, 1500, 1500, 800
);
